;departamento;sexo;edad;direccion;t_familia;padres_status;madre_edu;padre_edu;madre_trab;padre_trab;razon;guardian;t_examen;t_estudio;faltas;soporte_edu_extra;soporte_edu_fam;monitores;actividades_extra;preuniversitario;postgrado;internet;relacion_sen;relacion_fam;tiempo_libre;salir_amigos;cons_alcohol_sem;cons_alcohol_finde;salud;ausencias;nota_01;nota_02;nota_03
0;II;M;18;U;mayor_3;S;4;4;en_casa;profesor;habilidad;madre;2;2;0;si;no;no;no;si;si;no;no;4;3;4;1;1;3;4;0;11;11
1;II;M;17;U;mayor_3;J;1;1;en_casa;otro;habilidad;padre;1;2;0;no;si;no;no;no;si;yes;no;5;3;3;1;1;3;2;9;11;11
2;II;M;15;U;menor_e3;J;1;1;en_casa;otro;otro;madre;1;2;0;si;no;no;no;si;si;yes;no;4;3;2;2;3;3;6;12;13;12
3;II;M;15;U;mayor_3;J;4;2;salud;servicios;recomendacion;madre;1;3;0;no;si;no;si;si;si;yes;yes;3;2;2;1;1;5;0;14;14;14
4;II;M;16;U;mayor_3;J;3;3;otro;otro;recomendacion;padre;1;2;0;no;si;no;no;si;si;no;no;4;3;2;1;2;5;0;11;13;13
5;II;H;16;U;menor_e3;J;4;3;servicios;otro;reputacion;madre;1;2;0;no;si;no;si;si;si;yes;no;5;4;2;1;2;5;6;12;12;13
6;II;H;16;U;menor_e3;J;2;2;otro;otro;recomendacion;madre;1;2;0;no;no;no;no;si;si;yes;no;4;4;4;1;1;3;0;13;12;13
7;II;M;17;U;mayor_3;S;4;4;otro;profesor;recomendacion;madre;2;2;0;si;si;no;no;si;si;no;no;4;1;4;1;1;1;2;10;13;13
8;II;H;15;U;menor_e3;S;3;2;servicios;otro;recomendacion;madre;1;2;0;no;si;no;no;si;si;yes;no;4;2;2;1;1;1;0;15;16;17
9;II;H;15;U;mayor_3;J;3;4;otro;otro;recomendacion;madre;1;2;0;no;si;no;si;si;si;yes;no;5;5;1;1;1;5;0;12;12;13
10;II;M;15;U;mayor_3;J;4;4;profesor;salud;reputacion;madre;1;2;0;no;si;no;no;si;si;yes;no;3;3;3;1;2;2;2;14;14;14
11;II;M;15;U;mayor_3;J;2;1;servicios;otro;reputacion;padre;3;3;0;no;si;no;si;si;si;yes;no;5;2;2;1;1;4;0;10;12;13
12;II;H;15;U;menor_e3;J;4;4;salud;servicios;habilidad;padre;1;1;0;no;si;no;si;si;si;yes;no;4;3;3;1;3;5;0;12;13;12
13;II;H;15;U;mayor_3;J;4;3;profesor;otro;habilidad;madre;2;2;0;no;si;no;no;si;si;yes;no;5;4;3;1;2;3;0;12;12;13
14;II;H;15;U;mayor_3;S;2;2;otro;otro;recomendacion;otro;1;3;0;no;si;no;no;si;si;yes;yes;4;5;2;1;1;3;0;14;14;15
15;II;M;16;U;mayor_3;J;4;4;salud;otro;recomendacion;madre;1;1;0;no;si;no;no;si;si;yes;no;4;4;4;1;2;2;6;17;17;17
16;II;M;16;U;mayor_3;J;4;4;servicios;servicios;reputacion;madre;1;3;0;no;si;no;si;si;si;yes;no;3;2;3;1;2;2;10;13;13;14
17;II;M;16;U;mayor_3;J;3;3;otro;otro;reputacion;madre;3;2;0;si;si;no;si;si;si;no;no;5;3;2;1;1;4;2;13;14;14
18;II;H;17;U;mayor_3;J;3;2;servicios;servicios;habilidad;madre;1;1;3;no;si;si;si;si;si;yes;no;5;5;5;2;4;5;2;8;8;7
19;II;H;16;U;menor_e3;J;4;3;salud;otro;recomendacion;padre;1;1;0;no;no;no;si;si;si;yes;no;3;1;3;1;3;5;6;12;12;12
20;II;H;15;U;mayor_3;J;4;3;profesor;otro;reputacion;madre;1;2;0;no;no;no;no;si;si;yes;no;4;4;1;1;1;1;0;12;13;14
21;II;H;15;U;mayor_3;J;4;4;salud;salud;otro;padre;1;1;0;no;si;si;no;si;si;yes;no;5;4;2;1;1;5;0;11;12;12
22;II;H;16;U;menor_e3;J;4;2;profesor;otro;habilidad;madre;1;2;0;no;no;no;si;si;si;yes;no;4;5;1;1;3;5;0;12;13;14
23;II;H;16;U;menor_e3;J;2;2;otro;otro;reputacion;madre;2;2;0;no;si;no;si;si;si;yes;no;5;4;4;2;4;5;2;10;10;10
24;II;M;15;R;mayor_3;J;2;4;servicios;salud;habilidad;madre;1;3;0;si;si;no;si;si;si;yes;no;4;3;2;1;1;5;2;10;11;10
25;II;M;16;U;mayor_3;J;2;2;servicios;servicios;recomendacion;madre;1;1;0;no;si;no;no;no;si;yes;no;1;2;2;1;3;5;6;10;11;12
26;II;H;15;U;mayor_3;J;2;2;otro;otro;recomendacion;madre;1;1;0;no;si;no;no;si;si;yes;no;4;2;2;1;2;5;8;11;12;12
27;II;H;15;U;mayor_3;J;4;2;salud;servicios;otro;madre;1;1;0;no;no;no;no;si;si;yes;no;2;2;4;2;4;1;0;11;11;11
28;II;H;16;U;menor_e3;S;3;4;servicios;otro;recomendacion;madre;1;2;0;si;si;si;si;si;si;yes;no;5;3;3;1;1;5;2;12;12;13
29;II;H;16;U;mayor_3;J;4;4;profesor;profesor;recomendacion;madre;1;2;0;no;si;si;si;si;si;yes;yes;4;4;5;5;5;5;4;12;11;12
30;II;H;15;U;mayor_3;J;4;4;salud;servicios;recomendacion;madre;1;2;0;no;si;si;no;no;si;yes;no;5;4;2;3;4;5;0;10;11;11
31;II;H;15;U;mayor_3;J;4;4;servicios;servicios;reputacion;madre;2;2;0;no;si;no;si;si;si;yes;no;4;3;1;1;1;5;2;15;15;15
32;II;H;15;R;mayor_3;J;4;3;profesor;en_casa;habilidad;madre;1;2;0;no;si;no;si;si;si;yes;yes;4;5;2;1;1;5;0;13;14;15
33;II;H;15;U;menor_e3;J;3;3;otro;otro;habilidad;madre;1;2;0;no;no;no;si;no;si;yes;no;5;3;2;1;1;2;0;13;12;12
34;II;H;16;U;mayor_3;J;3;2;otro;otro;recomendacion;madre;1;1;0;no;si;no;no;no;si;yes;no;5;4;3;1;1;5;4;12;12;12
35;II;M;15;U;mayor_3;J;2;3;otro;otro;otro;padre;2;1;0;no;si;no;si;si;si;no;no;3;5;1;1;1;5;4;11;11;11
36;II;H;15;U;menor_e3;J;4;3;profesor;servicios;recomendacion;madre;1;3;0;no;si;no;si;si;si;yes;no;5;4;3;1;1;4;0;14;14;14
37;II;H;16;R;mayor_3;S;4;4;otro;profesor;reputacion;madre;2;3;0;no;si;no;si;si;si;yes;yes;2;4;3;1;1;5;4;13;13;13
38;II;M;15;R;mayor_3;J;3;4;servicios;salud;habilidad;madre;1;3;0;si;si;no;si;si;si;yes;no;4;3;2;1;1;5;2;11;12;12
39;II;M;15;R;mayor_3;J;2;2;en_casa;otro;reputacion;madre;1;1;0;si;si;no;si;si;si;no;no;4;3;1;1;1;2;8;14;13;12
40;II;M;16;U;menor_e3;J;2;2;otro;otro;recomendacion;madre;2;2;0;no;si;no;si;no;si;yes;yes;3;3;3;1;2;3;16;11;11;10
41;II;H;15;U;menor_e3;J;4;4;profesor;otro;recomendacion;otro;1;1;0;no;si;no;no;no;si;yes;yes;5;4;3;2;4;5;8;10;11;11
42;II;H;15;U;mayor_3;J;4;4;servicios;profesor;habilidad;padre;1;2;0;no;si;no;si;si;si;yes;no;4;3;3;1;1;5;0;14;15;15
43;II;H;15;U;mayor_3;J;2;2;servicios;servicios;habilidad;padre;1;1;0;si;si;no;no;si;si;yes;no;5;4;1;1;1;1;0;9;10;10
44;II;M;16;U;menor_e3;J;2;2;otro;en_casa;habilidad;padre;2;2;1;si;no;no;si;si;si;yes;no;4;3;3;2;2;5;14;10;11;11
45;II;M;15;U;menor_e3;S;4;3;otro;otro;habilidad;madre;1;2;0;si;si;si;si;si;si;yes;yes;5;2;2;1;1;5;4;10;11;11
46;II;M;16;U;menor_e3;S;3;3;otro;servicios;recomendacion;madre;1;2;0;no;si;no;no;si;si;yes;no;2;3;5;1;4;3;6;13;12;13
47;II;H;16;U;mayor_3;J;4;3;salud;servicios;reputacion;madre;1;4;0;no;no;no;si;si;si;yes;no;4;2;2;1;1;2;2;17;17;17
48;II;H;15;U;mayor_3;J;4;2;profesor;otro;recomendacion;madre;1;2;0;no;si;no;no;si;si;no;no;4;3;3;2;2;5;4;11;12;13
49;II;M;15;U;mayor_3;J;4;4;servicios;profesor;otro;padre;1;2;0;si;si;no;si;no;si;yes;no;4;4;4;1;1;3;2;13;12;12
50;II;M;16;U;menor_e3;J;2;2;servicios;servicios;habilidad;madre;3;2;0;no;si;no;no;si;si;yes;no;4;3;3;2;3;4;0;14;13;13
51;II;M;15;U;menor_e3;J;4;2;salud;otro;otro;madre;1;2;0;no;si;no;no;si;si;yes;no;4;3;3;1;1;5;0;16;14;16
52;II;H;15;U;menor_e3;S;4;2;salud;salud;otro;padre;2;1;0;no;no;no;no;si;si;no;no;5;5;5;3;4;5;4;10;9;9
53;II;M;15;U;mayor_3;J;4;4;servicios;servicios;habilidad;madre;1;1;0;si;si;no;no;si;si;yes;no;3;3;4;2;3;5;0;13;12;12
54;II;M;15;U;menor_e3;S;3;3;otro;otro;otro;madre;1;1;0;no;no;no;no;si;si;yes;no;5;3;4;4;4;1;0;13;12;13
55;II;M;16;U;mayor_3;S;2;1;otro;otro;otro;madre;1;2;0;no;no;no;si;si;si;yes;yes;5;3;4;1;1;2;2;12;13;12
56;II;M;15;U;mayor_3;S;4;3;servicios;servicios;reputacion;madre;1;2;0;no;si;no;si;si;si;yes;no;4;3;2;1;1;1;0;15;14;15
57;II;H;15;U;mayor_3;J;4;4;profesor;salud;reputacion;madre;1;2;0;no;si;no;si;si;si;no;no;3;2;2;1;1;5;8;15;15;16
58;II;H;15;U;menor_e3;J;1;2;otro;en_casa;recomendacion;padre;1;2;0;si;si;no;si;si;si;yes;no;4;3;2;1;1;5;0;14;13;14
59;II;M;16;U;mayor_3;J;4;2;servicios;otro;habilidad;madre;1;2;0;no;si;si;no;si;si;yes;no;4;2;3;1;1;5;2;16;15;16
60;II;M;16;R;mayor_3;J;4;4;salud;profesor;otro;madre;1;2;0;no;si;no;si;si;si;no;no;2;4;4;2;3;4;0;17;16;16
61;II;M;16;U;mayor_3;J;1;1;servicios;servicios;habilidad;padre;4;1;0;si;si;no;si;no;si;yes;yes;5;5;5;5;5;5;0;10;10;16
62;II;M;16;U;menor_e3;J;1;2;otro;servicios;reputacion;padre;1;2;0;si;no;no;si;si;si;yes;no;4;4;3;1;1;1;0;13;13;10
63;II;M;16;U;mayor_3;J;4;3;profesor;salud;recomendacion;madre;1;3;0;si;si;no;si;si;si;yes;no;3;4;4;2;4;4;0;14;13;13
64;II;M;15;U;menor_e3;J;4;3;servicios;servicios;reputacion;padre;1;2;0;si;no;no;si;si;si;yes;yes;4;4;4;2;4;2;0;13;12;12
65;II;M;16;U;menor_e3;J;4;3;profesor;servicios;habilidad;madre;3;2;0;no;si;no;si;si;si;yes;no;5;4;3;1;2;1;2;16;15;16
66;II;H;15;U;mayor_3;S;4;4;otro;servicios;reputacion;madre;1;4;0;no;si;no;si;no;si;yes;yes;1;3;3;5;5;3;0;11;12;12
67;II;M;16;U;mayor_3;J;3;1;servicios;otro;habilidad;madre;1;4;0;si;si;no;no;si;si;yes;no;4;3;3;1;2;5;0;10;9;10
68;II;M;15;R;menor_e3;J;2;2;salud;servicios;reputacion;madre;2;2;0;si;si;no;no;si;si;yes;no;4;1;3;1;3;4;0;11;10;11
69;II;M;15;R;menor_e3;J;3;1;otro;otro;reputacion;padre;2;4;0;no;si;no;no;no;si;yes;no;4;4;2;2;3;3;6;15;15;15
70;II;H;16;U;mayor_3;J;3;1;otro;otro;reputacion;padre;2;4;0;no;si;no;no;si;si;yes;no;4;3;2;1;1;5;2;13;11;11
71;II;H;15;U;mayor_3;J;4;2;otro;otro;habilidad;madre;1;4;0;no;no;no;no;si;si;yes;no;3;3;3;1;1;3;0;11;9;10
72;II;M;15;R;mayor_3;J;1;1;otro;otro;reputacion;madre;1;2;0;si;si;no;no;no;si;yes;yes;3;3;4;2;4;5;2;13;11;11
73;II;H;16;U;mayor_3;J;3;1;otro;otro;reputacion;madre;1;1;0;no;no;no;si;si;si;no;no;5;3;2;2;2;5;0;13;13;14
74;II;M;16;U;mayor_3;J;3;3;otro;servicios;recomendacion;madre;1;2;0;si;si;no;si;si;si;yes;no;4;3;3;2;4;5;4;11;11;11
75;II;H;15;U;mayor_3;J;4;3;profesor;otro;recomendacion;madre;1;2;0;no;si;no;si;si;si;yes;no;4;3;3;2;3;5;0;11;11;11
76;II;H;15;U;mayor_3;J;4;0;profesor;otro;habilidad;madre;2;4;0;no;no;no;si;si;si;yes;no;3;4;3;1;1;1;0;12;11;11
77;II;M;16;U;mayor_3;J;2;2;otro;otro;reputacion;madre;1;4;0;no;no;no;no;si;si;yes;yes;5;2;3;1;3;3;1;13;13;13
78;II;H;17;U;mayor_3;J;2;1;otro;otro;recomendacion;madre;2;1;3;si;si;no;si;si;no;yes;no;4;5;1;1;1;3;0;9;9;10
79;II;M;16;U;mayor_3;J;3;4;en_casa;otro;habilidad;madre;1;2;0;no;si;no;no;si;si;yes;no;2;4;3;1;2;3;14;12;11;11
80;II;H;15;U;mayor_3;J;2;3;otro;servicios;habilidad;padre;1;1;0;si;si;no;si;no;si;yes;yes;3;2;2;1;3;3;0;11;11;12
81;II;H;15;U;mayor_3;J;2;3;otro;otro;recomendacion;madre;1;3;0;si;no;no;no;no;si;yes;no;5;3;2;1;2;5;2;10;9;9
82;II;M;15;U;menor_e3;J;3;2;servicios;otro;reputacion;madre;1;2;0;no;si;no;no;si;si;yes;no;4;4;4;1;1;5;4;12;11;11
83;II;H;15;U;menor_e3;J;2;2;servicios;servicios;recomendacion;madre;2;2;0;no;no;si;si;si;si;yes;no;5;3;3;1;3;4;2;13;12;13
84;II;M;15;U;mayor_3;J;1;1;otro;otro;recomendacion;padre;1;2;0;no;si;no;si;no;si;yes;no;4;3;2;2;3;4;2;13;12;12
85;II;M;15;U;mayor_3;J;4;4;servicios;servicios;reputacion;padre;2;2;0;no;no;no;no;si;si;yes;yes;4;4;4;2;3;5;4;12;11;12
86;II;M;16;U;menor_e3;J;2;2;en_casa;otro;habilidad;madre;1;2;0;no;si;no;no;si;si;no;no;4;3;4;1;2;2;6;13;11;11
87;II;M;15;U;mayor_3;J;4;2;otro;otro;reputacion;madre;1;3;0;no;si;no;si;si;si;yes;no;5;3;3;1;3;1;4;15;15;15
88;II;H;16;U;mayor_3;J;2;2;servicios;otro;reputacion;padre;2;2;0;no;no;no;si;no;si;yes;no;4;4;2;1;1;3;6;12;10;11
89;II;H;16;U;menor_e3;S;4;4;profesor;salud;reputacion;madre;1;2;0;no;si;no;no;si;si;no;no;4;1;3;3;5;5;6;9;9;10
90;II;M;16;U;mayor_3;J;3;3;otro;otro;recomendacion;madre;1;3;0;no;si;no;no;si;si;yes;yes;4;3;3;1;3;4;2;9;11;11
91;II;M;15;U;mayor_3;J;4;3;servicios;otro;reputacion;madre;1;1;0;no;no;no;si;si;si;yes;no;4;5;5;1;3;1;6;14;13;13
92;II;M;16;U;menor_e3;J;3;1;otro;otro;recomendacion;padre;1;2;0;si;si;no;no;si;si;no;no;3;3;3;2;3;2;0;12;13;12
93;II;M;16;U;mayor_3;J;4;2;profesor;servicios;recomendacion;madre;2;2;0;no;si;no;si;si;si;yes;no;5;3;3;1;1;1;2;13;14;14
94;II;H;15;U;menor_e3;J;2;2;servicios;salud;reputacion;madre;1;4;0;no;si;no;si;si;si;yes;no;4;3;4;1;1;4;2;11;12;12
95;II;M;15;R;mayor_3;J;1;1;en_casa;otro;recomendacion;madre;2;4;0;si;si;si;si;si;si;yes;no;3;1;2;1;1;1;4;13;13;13
96;II;H;16;R;mayor_3;J;4;3;servicios;otro;reputacion;madre;2;1;0;si;si;si;si;no;si;yes;no;3;3;3;1;1;4;6;9;11;11
97;II;M;16;U;mayor_3;J;2;1;otro;otro;habilidad;madre;1;2;0;no;si;no;no;si;si;no;yes;4;3;5;1;1;5;0;13;12;12
98;II;M;16;U;mayor_3;J;4;4;otro;otro;reputacion;madre;1;1;0;no;no;no;si;no;si;yes;no;5;3;4;1;2;1;4;12;13;13
99;II;M;16;U;mayor_3;J;4;3;otro;en_casa;habilidad;madre;1;3;0;si;si;no;no;si;si;yes;no;5;3;5;1;1;3;2;12;13;13
100;II;H;16;U;mayor_3;J;4;4;servicios;servicios;otro;madre;1;1;0;si;si;no;si;si;si;yes;no;4;5;5;5;5;4;12;9;9;8
101;II;H;16;U;mayor_3;J;4;4;servicios;profesor;otro;padre;1;3;0;no;si;no;si;si;si;yes;yes;4;4;3;1;1;4;0;16;16;16
102;II;H;15;U;mayor_3;J;4;4;servicios;otro;habilidad;madre;1;1;0;no;si;si;si;no;si;yes;no;5;3;3;1;1;5;2;12;13;12
103;II;M;15;U;mayor_3;J;3;2;servicios;otro;recomendacion;madre;2;2;0;si;si;no;no;si;si;yes;no;4;3;5;1;1;2;16;11;10;10
104;II;H;15;U;mayor_3;S;3;4;servicios;otro;habilidad;madre;1;2;0;no;si;no;si;si;si;yes;no;5;4;4;1;1;1;0;16;16;16
105;II;M;15;U;mayor_3;S;3;3;otro;salud;reputacion;padre;1;4;0;si;no;no;no;si;si;no;no;4;3;3;1;1;4;10;10;10;10
106;II;M;15;U;mayor_3;J;2;2;otro;otro;habilidad;madre;1;4;0;si;si;no;no;si;si;yes;no;5;1;2;1;1;3;4;10;10;10
107;II;H;16;U;mayor_3;J;3;3;servicios;otro;recomendacion;padre;1;3;0;no;si;no;si;si;si;yes;no;5;3;3;1;1;5;4;13;14;14
108;II;H;15;R;mayor_3;J;4;4;otro;otro;recomendacion;padre;4;4;0;no;si;no;si;si;si;yes;yes;1;3;5;3;5;1;8;12;10;11
109;II;M;16;U;menor_e3;J;4;4;salud;salud;otro;madre;1;3;0;no;si;no;si;si;si;yes;yes;5;4;5;1;1;4;2;15;15;14
110;II;H;15;U;menor_e3;S;4;4;profesor;profesor;habilidad;madre;1;1;0;no;no;no;si;si;si;yes;no;5;5;3;1;1;4;4;13;14;14
111;II;M;16;R;mayor_3;J;3;3;servicios;otro;reputacion;padre;1;3;0;si;si;no;si;si;si;yes;no;4;1;2;1;1;2;4;11;11;11
112;II;M;16;U;mayor_3;J;2;2;en_casa;otro;recomendacion;madre;1;2;1;si;no;no;si;si;si;yes;no;3;1;2;1;1;5;12;8;10;10
113;II;H;15;U;menor_e3;J;4;2;profesor;otro;habilidad;madre;1;1;0;no;no;no;no;si;si;yes;no;3;5;2;1;1;3;10;18;17;18
114;II;H;15;R;mayor_3;J;2;1;salud;servicios;reputacion;madre;1;2;0;no;no;no;si;si;si;yes;yes;5;4;2;1;1;5;4;10;9;10
115;II;H;16;U;mayor_3;J;4;4;profesor;profesor;habilidad;padre;1;2;0;no;si;no;si;si;si;yes;no;5;4;4;1;2;5;6;16;14;14
116;II;H;15;U;mayor_3;J;4;4;otro;profesor;reputacion;padre;2;2;0;no;si;no;si;si;si;no;no;4;4;3;1;1;2;4;16;15;16
117;II;H;16;U;mayor_3;J;3;3;otro;servicios;recomendacion;padre;2;1;0;no;no;no;si;si;si;yes;no;5;4;2;1;1;5;6;14;14;15
118;II;H;17;R;mayor_3;J;1;3;otro;otro;habilidad;padre;3;2;1;no;si;no;si;si;si;yes;no;5;2;4;1;4;5;14;12;11;11
119;II;H;15;U;mayor_3;J;3;4;otro;otro;reputacion;padre;1;1;0;no;no;no;no;si;si;yes;no;3;4;3;1;2;4;2;14;13;14
120;II;M;15;U;mayor_3;J;1;2;en_casa;servicios;habilidad;madre;1;2;0;no;no;no;no;no;si;yes;no;3;2;3;1;2;1;0;14;14;14
121;II;H;15;U;mayor_3;J;2;2;servicios;servicios;recomendacion;padre;1;4;0;no;si;no;si;si;si;yes;no;5;5;4;1;2;5;6;14;13;13
122;II;M;16;U;menor_e3;J;2;4;otro;salud;habilidad;padre;2;2;0;no;si;no;si;si;si;yes;yes;4;2;2;1;2;5;2;14;12;13
123;II;H;16;U;mayor_3;J;4;4;salud;otro;habilidad;madre;1;1;0;no;si;no;si;si;si;yes;no;3;4;4;1;4;5;4;12;13;13
124;II;M;16;U;mayor_3;J;2;2;otro;otro;recomendacion;madre;1;2;0;no;no;no;no;si;si;yes;yes;5;4;4;1;1;5;0;12;11;11
125;II;H;15;U;mayor_3;J;3;4;servicios;servicios;recomendacion;padre;1;1;0;si;no;no;no;si;si;yes;no;5;5;5;3;2;5;2;9;9;9
126;II;M;15;U;menor_e3;S;3;4;otro;otro;recomendacion;madre;1;2;0;si;no;no;si;si;si;yes;yes;5;3;2;1;1;1;0;10;11;11
127;II;M;19;U;mayor_3;J;0;1;en_casa;otro;habilidad;otro;1;2;2;no;si;no;no;no;no;no;no;3;4;2;1;1;5;0;9;10;11
128;II;H;16;R;mayor_3;J;4;4;profesor;profesor;habilidad;madre;1;1;0;no;no;no;si;si;si;yes;no;3;5;5;2;5;4;8;14;14;15
129;II;H;16;U;mayor_3;J;2;3;otro;otro;habilidad;madre;2;3;0;no;si;no;no;no;si;yes;yes;3;2;3;2;2;1;4;13;12;13
130;II;M;15;R;mayor_3;J;3;4;servicios;profesor;habilidad;padre;2;3;0;no;si;no;no;si;si;yes;yes;4;2;2;2;2;5;0;10;11;12
131;II;M;18;U;mayor_3;J;2;1;servicios;otro;reputacion;madre;1;2;3;no;si;no;si;si;no;yes;yes;5;4;5;1;3;5;10;10;9;8
132;II;M;17;U;menor_e3;S;2;1;otro;otro;habilidad;madre;3;1;0;no;si;no;no;si;si;yes;no;3;2;2;1;2;5;8;11;10;11
133;II;M;15;U;mayor_3;J;1;1;en_casa;otro;habilidad;madre;3;1;0;no;si;no;si;no;si;yes;yes;4;3;3;1;2;4;6;11;12;13
134;II;M;17;U;menor_e3;J;2;2;otro;otro;habilidad;padre;1;1;0;no;si;no;no;si;si;yes;yes;3;4;4;1;3;5;2;13;12;12
135;II;M;16;U;mayor_3;S;3;4;servicios;otro;habilidad;padre;1;1;0;no;no;no;no;si;si;yes;no;3;2;1;1;4;5;12;15;13;14
136;II;H;16;U;mayor_3;J;2;1;en_casa;otro;habilidad;madre;4;1;0;no;no;no;no;si;si;no;no;3;2;1;1;1;2;4;9;9;11
137;II;M;16;U;mayor_3;S;2;2;otro;otro;recomendacion;madre;1;1;1;no;no;no;no;si;si;no;no;5;3;4;1;1;5;12;13;11;11
138;II;H;15;R;mayor_3;J;3;4;en_casa;profesor;habilidad;madre;4;2;0;no;si;no;no;si;si;no;yes;5;3;3;1;1;5;2;12;11;11
139;II;M;15;U;mayor_3;J;4;4;servicios;en_casa;habilidad;madre;1;3;0;no;si;no;si;si;si;yes;yes;4;3;3;1;1;5;4;13;14;15
140;II;H;17;R;mayor_3;J;3;4;en_casa;otro;habilidad;madre;3;2;0;no;no;no;no;si;si;no;no;5;4;5;2;4;5;2;10;9;10
141;II;M;16;R;mayor_3;J;1;1;en_casa;otro;habilidad;madre;4;2;0;no;si;no;no;si;si;no;no;5;1;3;1;1;3;0;14;13;13
142;II;H;18;U;menor_e3;J;3;1;servicios;servicios;habilidad;madre;2;1;0;no;no;no;si;si;si;yes;yes;3;3;4;4;5;4;2;11;11;12
143;II;M;18;U;mayor_3;S;3;2;otro;servicios;habilidad;otro;1;3;0;no;si;no;si;no;si;yes;yes;4;3;3;5;1;5;10;12;11;11
144;II;M;16;R;mayor_3;J;1;1;otro;servicios;reputacion;madre;2;1;0;no;si;no;si;si;si;no;yes;3;3;3;1;2;1;8;12;11;11
145;II;M;16;U;mayor_3;S;3;3;otro;otro;habilidad;otro;2;1;0;no;si;no;si;no;si;yes;yes;4;3;2;1;1;5;4;9;9;10
146;II;H;16;U;menor_e3;J;1;1;servicios;otro;habilidad;madre;1;2;2;no;no;no;no;si;si;no;yes;4;4;4;1;3;5;0;10;10;10
147;II;M;15;U;mayor_3;J;4;4;profesor;profesor;habilidad;madre;2;1;0;no;no;no;si;si;si;yes;no;4;3;2;1;1;5;6;13;14;14
148;II;M;15;R;mayor_3;J;1;1;otro;otro;habilidad;madre;3;1;1;no;no;no;si;si;si;yes;yes;5;5;5;1;1;1;2;8;9;9
149;II;H;15;U;mayor_3;J;4;3;profesor;servicios;habilidad;padre;2;4;0;si;si;no;no;si;si;yes;no;2;2;2;1;1;3;6;9;11;11
150;II;M;15;U;mayor_3;S;3;3;servicios;servicios;recomendacion;madre;1;2;0;no;no;no;no;no;si;no;yes;1;3;2;2;3;1;24;9;8;9
151;II;H;16;U;mayor_3;J;4;4;servicios;servicios;habilidad;madre;1;3;0;no;si;no;si;si;si;yes;no;5;3;3;1;3;5;0;15;13;13
152;II;H;16;U;menor_e3;J;2;2;servicios;servicios;reputacion;padre;2;1;0;no;si;no;si;si;si;yes;no;2;3;3;2;2;2;4;12;11;11
153;II;M;15;U;mayor_3;J;4;4;profesor;servicios;habilidad;madre;1;3;0;no;si;no;si;si;si;yes;no;4;2;2;1;1;5;2;13;13;13
154;II;M;16;U;menor_e3;J;1;1;en_casa;en_casa;habilidad;madre;1;1;0;no;no;no;no;si;si;yes;no;3;4;4;3;3;1;4;10;11;11
155;II;H;17;U;mayor_3;J;2;1;otro;otro;recomendacion;madre;1;1;0;no;si;no;no;si;si;yes;no;5;4;5;1;2;5;22;9;7;6
156;II;M;15;U;mayor_3;J;1;1;otro;servicios;habilidad;padre;1;2;0;no;si;no;no;si;si;yes;no;4;4;2;1;2;5;0;12;12;12
157;II;M;15;U;menor_e3;S;2;1;en_casa;otro;recomendacion;madre;2;1;0;no;si;no;si;si;no;yes;yes;4;4;2;1;1;5;0;11;10;10
158;II;M;15;U;mayor_3;J;3;2;salud;servicios;recomendacion;padre;1;2;1;no;si;no;no;si;si;yes;no;3;3;2;1;1;3;2;11;11;11
159;II;M;15;U;mayor_3;J;1;2;en_casa;otro;habilidad;madre;1;2;0;no;si;no;no;no;si;yes;no;4;3;2;1;1;5;6;13;12;13
160;II;M;15;U;mayor_3;J;1;2;en_casa;servicios;habilidad;padre;1;2;0;no;no;no;no;no;si;no;yes;2;3;4;2;4;1;6;11;11;11
161;II;H;16;U;mayor_3;J;4;4;profesor;profesor;habilidad;madre;1;1;0;no;si;no;no;si;no;yes;yes;3;3;2;2;1;5;16;9;9;8
162;II;H;15;U;menor_e3;S;2;1;servicios;otro;habilidad;madre;4;1;0;no;no;no;no;si;si;yes;no;4;5;5;2;5;5;0;12;11;11
163;II;H;18;U;menor_e3;J;1;1;otro;otro;habilidad;madre;1;1;2;no;no;no;no;si;no;yes;yes;2;3;5;2;5;4;0;11;9;0
164;II;H;16;U;menor_e3;J;2;1;en_casa;otro;habilidad;madre;1;1;1;no;no;no;si;si;si;no;yes;4;4;4;3;5;5;6;9;10;10
165;II;M;15;R;mayor_3;J;3;3;servicios;servicios;reputacion;otro;2;3;0;no;si;si;si;si;si;yes;yes;4;2;1;2;3;3;2;13;13;13
166;II;H;19;U;mayor_3;J;3;2;servicios;en_casa;recomendacion;madre;1;1;0;no;si;no;no;si;no;yes;yes;4;5;4;1;1;4;6;11;9;11
167;II;M;17;U;mayor_3;J;4;4;otro;profesor;habilidad;madre;1;1;0;si;si;no;no;si;si;no;yes;4;2;1;1;1;4;0;13;13;13
168;II;H;15;R;mayor_3;J;2;3;en_casa;servicios;habilidad;madre;1;2;0;si;no;si;si;si;si;no;no;4;4;4;1;1;1;0;7;8;8
169;II;H;17;R;menor_e3;J;1;2;otro;otro;reputacion;madre;1;1;3;no;no;no;no;si;si;no;no;2;2;2;3;3;5;14;9;8;10
170;II;M;18;R;mayor_3;J;1;1;en_casa;otro;habilidad;madre;3;1;3;no;si;no;si;no;si;no;no;5;2;5;1;5;4;6;11;10;11
171;II;H;16;R;mayor_3;J;2;2;en_casa;otro;habilidad;madre;3;1;0;no;no;no;no;no;si;no;no;4;2;2;1;2;3;4;12;10;11
172;II;H;16;U;mayor_3;J;3;3;otro;servicios;habilidad;padre;1;2;1;no;si;no;no;si;si;yes;yes;4;5;5;4;4;5;0;10;10;1
173;II;H;16;U;menor_e3;J;1;2;salud;servicios;habilidad;madre;2;1;2;no;no;no;no;no;si;yes;no;4;4;5;3;5;5;0;9;8;10
174;II;H;17;R;menor_e3;J;2;1;en_casa;otro;habilidad;madre;2;1;1;no;no;si;si;si;no;yes;yes;3;3;2;2;2;5;8;8;8;9
175;II;H;17;R;mayor_3;J;3;2;otro;otro;habilidad;madre;2;2;2;si;si;no;no;si;si;yes;yes;4;4;4;1;4;3;4;7;6;8
176;II;H;15;U;menor_e3;J;1;2;otro;otro;habilidad;madre;2;1;0;no;no;no;si;si;si;no;no;4;4;4;2;4;5;2;8;9;10
177;II;H;16;U;mayor_3;J;1;3;en_casa;servicios;habilidad;padre;1;1;1;no;no;no;no;si;no;yes;no;5;3;3;1;4;2;2;9;8;8
178;II;H;17;R;menor_e3;J;1;1;otro;servicios;habilidad;madre;4;2;0;no;no;no;si;si;no;no;yes;5;3;5;1;5;5;0;8;8;8
179;II;H;17;U;mayor_3;J;3;2;servicios;servicios;habilidad;madre;2;1;3;no;si;no;si;no;no;no;no;4;5;2;1;1;2;10;8;7;8
180;II;H;16;U;mayor_3;J;2;2;otro;otro;habilidad;padre;1;2;0;no;no;no;no;si;no;yes;no;4;3;5;2;4;4;0;9;10;11
181;II;M;16;U;mayor_3;J;4;2;salud;servicios;recomendacion;padre;1;2;0;no;no;no;no;si;si;yes;yes;4;2;3;1;1;3;0;17;17;18
182;II;M;16;U;mayor_3;J;2;2;otro;otro;recomendacion;madre;1;2;0;no;si;no;no;no;si;yes;no;5;1;5;1;1;4;0;12;12;13
183;II;M;16;U;mayor_3;J;4;4;salud;salud;reputacion;madre;1;2;0;no;si;no;no;si;si;yes;yes;4;4;2;1;1;3;0;16;16;17
184;II;H;16;U;mayor_3;J;3;4;otro;otro;habilidad;padre;3;1;1;no;si;no;si;no;si;yes;no;3;4;5;2;4;2;4;9;9;10
185;II;H;16;U;mayor_3;J;1;0;otro;otro;reputacion;madre;2;2;0;no;si;no;si;si;si;yes;yes;4;3;2;1;1;3;0;16;17;18
186;II;H;17;U;menor_e3;J;4;4;profesor;otro;reputacion;madre;1;2;0;no;si;no;si;si;si;yes;no;4;4;4;1;3;5;0;11;9;10
187;II;M;16;U;mayor_3;J;1;3;en_casa;servicios;recomendacion;madre;1;2;0;no;no;no;si;no;si;yes;yes;4;3;5;1;1;3;0;14;13;13
188;II;M;16;U;menor_e3;J;3;3;otro;otro;reputacion;madre;2;2;0;no;si;no;si;si;si;yes;no;4;4;5;1;1;4;0;14;14;15
189;II;H;17;U;menor_e3;J;4;3;profesor;otro;habilidad;madre;2;2;0;no;no;no;si;si;si;yes;no;4;4;4;4;4;4;0;10;11;11
190;II;M;16;U;mayor_3;J;2;2;servicios;otro;reputacion;madre;2;2;0;no;no;no;si;no;si;yes;no;3;4;4;1;4;5;0;13;12;14
191;II;H;17;U;mayor_3;J;3;3;otro;otro;reputacion;padre;1;2;0;no;no;no;si;no;si;yes;no;4;3;4;1;4;4;4;11;9;10
192;II;H;16;R;mayor_3;J;4;2;profesor;servicios;otro;madre;1;1;0;no;si;no;si;si;si;yes;yes;4;3;3;3;4;3;8;10;9;11
193;II;H;17;U;mayor_3;J;4;3;otro;otro;habilidad;madre;1;2;0;no;si;si;si;si;si;yes;yes;5;2;3;1;1;2;4;11;11;13
194;II;H;16;U;mayor_3;J;4;3;profesor;otro;recomendacion;madre;1;2;0;no;si;si;si;si;si;yes;no;3;4;3;2;3;3;4;11;10;11
195;II;H;16;U;mayor_3;J;3;3;servicios;otro;recomendacion;madre;1;2;0;no;no;no;si;si;si;yes;yes;4;2;3;1;2;3;0;11;12;13
196;II;M;17;U;mayor_3;J;2;4;servicios;servicios;reputacion;padre;1;2;0;no;si;no;si;si;si;no;no;5;4;2;2;3;5;0;17;18;17
197;II;M;17;U;menor_e3;J;3;3;otro;otro;reputacion;madre;1;2;0;no;si;no;si;si;si;yes;yes;5;3;3;2;3;1;32;14;13;14
198;II;M;16;U;mayor_3;J;3;2;otro;otro;reputacion;madre;1;2;0;no;si;no;no;si;si;yes;no;1;2;2;1;2;1;8;14;15;16
199;II;H;17;U;mayor_3;J;3;3;servicios;servicios;otro;madre;1;2;0;no;si;no;si;si;si;yes;yes;4;3;4;2;3;4;6;11;13;14
200;II;H;16;U;mayor_3;J;1;2;servicios;servicios;otro;madre;1;1;0;no;si;no;si;si;si;yes;yes;3;3;3;1;2;3;0;10;9;11
201;II;H;16;U;menor_e3;J;2;1;otro;otro;habilidad;madre;1;2;0;no;no;no;si;si;si;yes;yes;4;2;3;1;2;5;0;13;14;16
202;II;M;17;U;mayor_3;S;3;3;salud;otro;reputacion;madre;1;2;0;no;si;no;no;no;si;yes;yes;3;3;3;1;3;3;10;12;13;14
203;II;H;17;R;mayor_3;J;1;2;en_casa;otro;recomendacion;madre;1;2;0;no;no;no;no;si;si;no;no;3;1;3;1;5;3;6;9;9;10
204;II;M;16;U;mayor_3;J;2;3;servicios;servicios;habilidad;madre;1;2;0;no;no;no;no;si;si;yes;no;4;3;3;1;1;2;6;12;12;13
205;II;M;17;U;mayor_3;J;1;1;en_casa;servicios;habilidad;madre;1;2;0;no;no;no;si;si;si;yes;no;5;3;3;1;1;3;0;12;11;12
206;II;H;17;U;mayor_3;J;1;2;en_casa;servicios;otro;otro;2;2;0;no;no;no;si;no;si;yes;no;4;4;4;4;5;5;16;10;11;12
207;II;H;16;R;mayor_3;J;3;3;servicios;servicios;reputacion;madre;1;1;0;no;si;no;si;si;si;yes;no;4;3;2;3;4;5;0;11;10;10
208;II;H;16;U;mayor_3;J;2;3;otro;otro;recomendacion;padre;2;1;0;no;no;no;no;si;si;yes;no;5;3;3;1;1;3;0;13;12;12
209;II;M;17;U;menor_e3;J;2;4;servicios;servicios;habilidad;padre;1;2;0;no;no;no;si;si;si;yes;yes;4;3;2;1;1;5;8;14;15;16
210;II;H;17;U;mayor_3;J;4;4;servicios;profesor;recomendacion;madre;1;1;0;no;no;no;no;si;si;yes;no;5;2;3;1;2;5;4;13;13;14
211;II;H;16;R;menor_e3;J;3;3;profesor;otro;recomendacion;padre;3;1;0;no;si;no;si;si;si;yes;no;3;3;4;3;5;3;16;10;11;12
212;II;M;17;U;mayor_3;J;4;4;servicios;profesor;recomendacion;madre;2;1;1;no;si;no;no;si;si;yes;no;4;2;4;2;3;2;30;14;15;16
213;II;M;16;U;menor_e3;J;4;4;profesor;profesor;reputacion;madre;1;2;0;no;si;no;no;si;si;yes;no;4;5;2;1;2;3;0;11;10;11
214;II;M;16;U;mayor_3;J;4;3;salud;otro;recomendacion;madre;1;2;0;no;si;no;si;si;si;yes;no;4;3;5;1;5;2;2;14;14;15
215;II;M;16;U;mayor_3;J;2;3;otro;otro;reputacion;madre;1;2;0;si;si;no;si;si;si;no;no;4;4;3;1;3;4;4;11;12;12
216;II;M;17;U;mayor_3;J;1;1;otro;otro;habilidad;madre;1;2;0;no;si;no;no;no;si;no;no;4;4;4;1;3;1;0;14;15;15
217;II;M;17;R;mayor_3;J;2;2;otro;otro;reputacion;madre;1;1;0;no;si;no;no;si;si;yes;no;5;3;2;1;2;3;21;13;13;13
218;II;M;16;R;mayor_3;J;2;2;servicios;servicios;reputacion;madre;2;4;0;no;si;no;si;no;si;yes;no;5;3;5;1;1;5;6;13;13;13
219;II;M;17;U;mayor_3;J;3;4;en_casa;servicios;recomendacion;madre;1;3;1;no;si;si;no;si;si;yes;yes;4;4;3;3;4;5;14;8;9;8
220;II;M;16;U;mayor_3;S;3;1;servicios;otro;habilidad;madre;1;2;0;no;si;no;no;si;si;yes;no;2;3;3;2;2;4;2;11;11;12
221;II;M;16;U;mayor_3;J;4;3;profesor;otro;otro;madre;1;2;0;no;no;no;si;si;si;yes;yes;1;3;2;1;1;1;4;14;15;15
222;II;M;16;U;mayor_3;J;1;1;en_casa;otro;recomendacion;madre;2;1;0;no;si;no;no;si;si;no;no;4;3;2;1;4;5;2;12;13;13
223;II;M;17;R;mayor_3;J;4;3;profesor;otro;reputacion;madre;2;3;0;no;si;no;si;si;si;yes;yes;4;4;2;1;1;4;0;11;12;12
224;II;M;19;U;mayor_3;J;3;3;otro;otro;reputacion;otro;1;4;0;no;si;no;si;si;si;yes;no;4;3;3;1;2;3;4;12;12;12
225;II;H;17;U;menor_e3;J;4;4;servicios;otro;recomendacion;madre;1;2;0;no;si;no;no;si;si;yes;yes;5;3;5;4;5;3;15;13;12;12
226;II;M;16;U;mayor_3;S;2;2;otro;otro;reputacion;madre;1;2;0;si;si;no;no;si;si;yes;no;3;3;4;1;1;4;0;13;13;13
227;II;H;18;U;mayor_3;J;2;2;servicios;otro;recomendacion;madre;1;2;0;no;si;no;si;si;si;yes;no;4;4;4;2;4;5;10;12;11;11
228;II;M;17;R;menor_e3;J;4;4;servicios;otro;otro;madre;1;1;0;no;si;no;no;si;si;no;no;5;2;1;1;2;3;6;12;11;11
229;II;M;17;U;menor_e3;J;3;2;otro;otro;reputacion;madre;2;2;0;no;no;no;no;si;si;yes;no;4;4;4;1;3;1;2;14;16;15
230;II;M;17;U;mayor_3;J;4;3;otro;otro;reputacion;madre;1;2;0;no;no;no;no;si;si;yes;yes;3;4;5;2;4;1;16;11;9;10
231;II;H;18;U;menor_e3;J;3;3;servicios;salud;recomendacion;padre;1;2;0;no;si;no;no;si;si;yes;no;3;2;4;2;4;4;10;10;10;10
232;II;M;17;U;mayor_3;J;2;3;en_casa;otro;recomendacion;padre;2;1;0;no;si;no;no;si;si;no;no;3;3;3;1;4;3;4;12;13;13
233;II;M;17;U;mayor_3;J;2;2;en_casa;en_casa;habilidad;madre;1;3;0;no;si;no;si;si;si;yes;no;4;3;3;1;1;4;0;12;12;13
234;II;M;17;R;mayor_3;J;2;1;en_casa;servicios;reputacion;madre;2;2;0;no;si;no;si;si;si;yes;no;4;2;5;1;2;5;0;11;10;11
235;II;M;17;U;mayor_3;J;1;1;en_casa;otro;reputacion;madre;1;3;0;no;si;no;si;si;si;no;yes;4;3;4;1;1;5;12;12;12;12
236;II;M;16;U;mayor_3;J;2;3;servicios;profesor;otro;madre;1;2;0;si;no;no;no;si;si;yes;no;2;3;1;1;1;3;0;13;13;14
237;II;H;18;U;mayor_3;J;2;2;otro;otro;recomendacion;madre;2;2;3;no;si;si;no;si;si;yes;no;3;3;3;5;5;4;9;10;9;10
238;II;M;16;U;mayor_3;J;4;4;profesor;servicios;recomendacion;madre;1;3;0;no;si;no;si;no;si;yes;no;5;3;2;1;1;5;4;15;16;16
239;II;M;18;R;mayor_3;J;3;1;otro;otro;reputacion;madre;1;2;0;no;no;no;si;si;si;yes;yes;5;3;3;1;1;4;4;8;8;8
240;II;M;17;U;mayor_3;J;3;2;otro;otro;habilidad;madre;1;2;0;no;no;no;si;no;si;yes;no;5;3;4;1;3;3;2;17;18;17
241;II;H;17;U;menor_e3;J;2;3;servicios;servicios;reputacion;padre;1;2;0;no;si;no;no;no;si;yes;no;5;3;3;1;3;3;0;10;11;11
242;II;H;18;U;menor_e3;J;2;1;en_casa;otro;habilidad;madre;4;2;0;si;si;no;si;si;si;yes;yes;4;3;2;4;5;3;2;9;10;11
243;II;M;17;U;mayor_3;S;2;1;otro;otro;habilidad;madre;2;3;0;no;no;no;si;si;si;yes;yes;3;2;3;1;2;3;0;15;15;16
244;II;M;17;U;menor_e3;J;4;3;salud;otro;reputacion;padre;1;2;0;no;no;no;si;si;si;yes;yes;3;2;3;1;2;3;0;14;12;12
245;II;H;17;R;mayor_3;J;2;2;otro;otro;habilidad;padre;2;2;0;no;si;no;si;si;si;yes;no;4;5;2;1;1;1;0;12;13;13
246;II;H;17;U;mayor_3;J;4;4;profesor;profesor;reputacion;madre;1;2;0;si;si;no;si;si;si;yes;yes;4;5;5;1;3;2;0;13;13;13
247;II;H;16;U;mayor_3;J;4;4;salud;otro;reputacion;padre;1;2;0;no;si;no;si;si;si;yes;no;4;2;4;2;4;1;0;13;13;14
248;II;H;16;U;menor_e3;J;1;1;otro;otro;recomendacion;madre;2;2;0;no;si;no;no;si;si;yes;no;3;4;2;1;1;5;2;9;9;9
249;II;H;16;U;mayor_3;J;3;2;en_casa;otro;reputacion;madre;2;3;0;no;no;no;si;si;si;yes;yes;5;3;3;1;3;2;0;12;12;12
250;II;H;17;U;menor_e3;J;2;2;otro;otro;recomendacion;padre;1;2;0;no;no;no;si;no;si;yes;yes;4;4;2;5;5;4;0;16;16;16
251;II;M;16;U;mayor_3;J;2;1;otro;otro;recomendacion;madre;1;1;0;no;no;no;no;si;si;yes;yes;4;5;2;1;1;5;4;9;10;10
252;II;M;16;U;mayor_3;S;4;1;otro;otro;recomendacion;madre;1;2;0;no;no;no;si;si;si;yes;yes;5;3;3;1;2;5;0;14;13;13
253;II;M;18;U;menor_e3;S;2;4;servicios;otro;habilidad;madre;2;2;1;no;si;no;no;si;si;yes;no;4;3;3;1;1;3;18;10;10;10
254;II;M;18;U;menor_e3;J;2;2;en_casa;servicios;habilidad;madre;1;2;1;no;si;no;no;no;si;yes;yes;5;3;1;1;1;5;16;9;8;10
255;II;M;18;U;mayor_3;J;3;3;otro;otro;habilidad;madre;2;1;1;no;no;no;no;si;no;yes;no;4;1;1;1;1;3;14;8;7;7
256;II;H;18;U;mayor_3;J;2;2;otro;en_casa;habilidad;otro;1;1;1;no;si;no;si;no;no;yes;yes;4;4;3;2;2;1;26;7;8;8
257;II;H;17;U;mayor_3;J;4;4;profesor;profesor;habilidad;madre;1;1;0;no;si;no;si;no;si;yes;no;4;2;1;1;2;5;6;10;8;9
258;II;M;17;U;mayor_3;J;3;2;otro;otro;habilidad;padre;1;2;0;no;no;no;si;si;si;no;no;5;4;2;1;1;3;4;14;14;15
259;II;M;17;U;menor_e3;J;1;1;en_casa;en_casa;habilidad;madre;1;3;0;no;si;no;si;si;si;yes;yes;4;3;2;1;2;4;10;11;10;10
260;II;M;16;U;mayor_3;J;1;2;otro;otro;habilidad;madre;1;1;0;no;no;no;no;si;no;yes;no;5;3;5;1;2;5;4;12;11;11
261;II;M;17;R;mayor_3;J;2;1;en_casa;servicios;habilidad;madre;3;2;0;no;no;no;si;si;si;no;no;2;1;1;1;1;3;2;13;13;13
262;II;M;17;R;menor_e3;S;1;4;otro;otro;habilidad;otro;4;1;1;no;si;no;no;si;si;yes;no;5;5;4;1;1;5;14;9;9;8
263;II;H;18;U;mayor_3;J;2;2;otro;servicios;reputacion;padre;1;2;0;no;no;no;no;si;no;yes;no;5;5;4;3;5;2;16;8;7;8
264;II;M;17;U;menor_e3;S;2;2;otro;otro;recomendacion;madre;1;1;1;no;si;no;no;no;no;yes;no;3;1;2;1;1;1;8;11;9;10
265;II;M;17;R;menor_e3;J;1;1;en_casa;otro;habilidad;madre;2;3;0;no;no;no;si;si;si;yes;no;4;3;3;1;3;5;4;15;14;15
266;II;M;17;U;menor_e3;S;4;2;profesor;otro;habilidad;madre;1;2;0;no;si;no;si;si;si;no;no;4;3;2;1;1;4;4;15;14;14
267;II;H;17;U;menor_e3;J;4;3;salud;otro;habilidad;madre;2;2;0;no;no;no;si;si;si;yes;yes;2;5;5;1;4;5;8;15;15;15
268;II;H;17;R;menor_e3;S;4;4;profesor;otro;habilidad;madre;2;2;0;no;si;no;no;si;si;yes;no;3;3;3;2;3;4;0;12;12;12
269;II;H;16;U;menor_e3;J;4;3;profesor;otro;habilidad;madre;1;1;0;no;no;no;si;no;si;yes;no;5;4;5;1;1;3;7;14;14;15
270;II;H;16;U;mayor_3;J;4;4;servicios;servicios;habilidad;madre;1;1;0;no;no;si;si;si;si;yes;no;5;3;2;1;2;5;4;14;15;15
271;II;M;17;U;mayor_3;J;4;4;profesor;servicios;habilidad;madre;1;2;0;no;si;si;no;si;si;yes;yes;5;3;1;1;4;5;2;11;11;12
272;II;H;17;R;mayor_3;J;1;1;otro;otro;recomendacion;padre;2;3;0;no;no;no;no;no;si;yes;yes;4;3;3;1;1;1;2;13;14;15
273;II;M;17;U;mayor_3;J;3;3;servicios;otro;recomendacion;madre;2;3;0;no;si;no;no;si;si;yes;yes;4;2;2;2;3;5;10;11;11;11
274;II;M;17;U;mayor_3;J;1;1;en_casa;otro;habilidad;madre;1;2;0;si;no;no;no;no;si;no;yes;4;3;2;1;1;4;10;10;9;10
275;II;M;18;U;mayor_3;J;2;1;otro;otro;habilidad;otro;2;3;0;no;si;no;no;no;si;yes;yes;4;4;4;1;1;3;10;12;10;11
276;II;H;16;U;mayor_3;J;2;1;otro;otro;habilidad;madre;3;1;0;no;no;no;no;si;si;yes;no;4;3;3;1;1;4;7;15;16;16
277;II;M;17;U;mayor_3;J;1;1;otro;servicios;habilidad;padre;1;2;0;no;si;no;no;si;si;no;no;4;3;4;1;2;5;4;11;10;11
278;II;H;17;U;mayor_3;J;2;3;otro;otro;habilidad;padre;2;1;0;no;no;no;no;si;si;yes;no;5;2;2;1;1;2;2;9;12;13
279;II;H;22;U;mayor_3;J;3;1;servicios;servicios;otro;madre;1;1;3;no;no;no;no;no;no;yes;yes;5;4;5;5;5;1;12;7;8;5
280;II;H;18;R;menor_e3;J;3;3;otro;servicios;habilidad;madre;1;2;0;no;si;no;no;si;si;yes;yes;4;3;3;1;3;5;8;10;9;10
281;II;H;16;U;mayor_3;J;0;2;otro;otro;otro;madre;1;1;0;no;no;no;no;no;si;yes;no;4;3;2;2;4;5;0;11;12;11
282;II;H;18;U;mayor_3;J;3;2;servicios;otro;habilidad;madre;2;1;0;no;no;no;no;si;no;yes;no;4;4;5;2;4;5;8;7;8;7
283;II;H;16;U;mayor_3;J;3;3;en_casa;otro;reputacion;otro;3;2;1;si;si;no;no;no;si;yes;no;5;3;3;1;3;2;4;9;11;10
284;II;H;18;U;mayor_3;J;2;1;servicios;servicios;otro;madre;1;1;2;no;no;no;no;no;no;yes;no;3;2;5;2;5;5;4;7;8;6
285;II;H;16;R;mayor_3;J;2;1;otro;otro;habilidad;madre;2;1;0;no;no;no;si;no;si;no;no;3;3;2;1;3;3;2;14;13;12
286;II;H;17;R;mayor_3;J;2;1;otro;otro;habilidad;madre;1;1;0;no;no;no;no;no;si;yes;no;4;4;2;2;4;5;0;12;12;13
287;II;H;17;U;menor_e3;J;1;1;salud;otro;habilidad;madre;2;1;1;no;si;no;si;si;si;yes;no;4;4;4;1;2;5;0;9;10;10
288;II;M;18;U;menor_e3;S;2;1;otro;otro;habilidad;madre;1;2;0;no;si;no;no;no;si;yes;yes;4;3;4;1;3;5;2;12;12;13
289;II;M;17;U;menor_e3;J;4;2;profesor;servicios;reputacion;madre;1;4;0;no;si;no;si;si;si;yes;no;4;2;3;1;1;4;2;14;15;17
290;II;M;19;U;mayor_3;J;2;2;servicios;servicios;recomendacion;madre;1;2;0;no;si;no;no;si;si;yes;no;4;3;3;1;1;5;0;10;10;11
291;II;H;18;U;menor_e3;J;2;1;servicios;otro;habilidad;madre;3;2;1;no;no;no;si;no;no;yes;no;4;4;5;4;4;5;4;11;10;11
292;II;M;17;R;mayor_3;J;4;2;otro;otro;habilidad;madre;1;3;0;no;si;no;si;si;si;yes;no;4;3;4;1;3;5;2;11;12;14
293;II;M;18;U;menor_e3;J;1;1;otro;en_casa;recomendacion;madre;1;3;0;no;si;no;no;no;si;no;no;4;4;3;2;3;3;4;11;12;14
294;II;M;18;R;mayor_3;J;2;2;otro;otro;recomendacion;madre;1;2;0;si;no;no;no;si;si;no;no;3;2;3;1;1;5;4;11;11;13
295;II;H;19;U;menor_e3;S;4;3;servicios;en_casa;reputacion;madre;1;2;0;no;si;no;no;si;si;yes;no;4;3;1;1;1;1;4;11;13;14
296;II;H;18;U;mayor_3;J;2;1;otro;otro;recomendacion;madre;1;2;0;no;no;no;si;si;si;yes;no;5;2;4;1;2;4;2;16;16;16
297;II;H;17;R;mayor_3;J;2;2;otro;servicios;otro;madre;2;1;0;no;no;no;no;no;no;no;no;5;2;2;1;1;4;0;9;10;10
298;II;M;17;U;menor_e3;J;2;2;servicios;servicios;habilidad;padre;1;4;0;no;no;no;si;si;si;yes;yes;3;4;1;1;1;2;2;10;11;12
299;II;M;20;R;mayor_3;J;2;1;otro;otro;habilidad;otro;2;2;0;no;si;si;si;si;no;yes;yes;1;2;3;1;2;2;8;10;12;12
300;II;M;18;U;mayor_3;J;4;3;servicios;otro;recomendacion;padre;1;2;0;no;si;no;no;si;si;yes;yes;3;1;2;1;3;2;2;15;15;15
301;II;H;18;U;mayor_3;J;4;3;profesor;otro;habilidad;madre;1;2;0;no;si;no;no;no;si;yes;no;4;3;2;1;1;3;2;10;10;11
302;II;H;18;R;mayor_3;J;3;2;otro;otro;habilidad;madre;1;3;0;no;no;no;si;no;si;no;no;5;3;2;1;1;3;2;10;11;12
303;II;M;17;U;mayor_3;J;3;3;otro;otro;recomendacion;madre;1;3;0;no;no;no;si;no;si;no;no;3;2;3;1;1;4;2;15;12;13
304;II;M;18;U;mayor_3;J;2;2;en_casa;servicios;recomendacion;madre;1;3;0;no;si;no;si;si;si;yes;yes;4;3;3;1;1;3;0;11;12;13
305;II;H;17;U;mayor_3;J;2;2;otro;otro;recomendacion;padre;2;1;0;no;no;no;no;si;no;yes;no;4;4;4;2;3;4;8;8;8;9
306;II;H;18;R;menor_e3;S;3;4;otro;otro;reputacion;madre;2;2;0;no;si;no;si;si;si;yes;no;4;2;5;3;4;1;6;15;16;16
307;II;H;17;U;mayor_3;J;3;1;servicios;otro;otro;madre;1;2;0;no;no;no;si;si;si;yes;yes;5;4;4;3;4;5;0;11;11;14
308;II;M;18;R;mayor_3;J;4;4;profesor;otro;reputacion;madre;2;2;0;no;no;no;si;si;si;yes;no;4;3;4;2;2;4;8;10;11;12
309;II;H;18;U;mayor_3;J;4;2;salud;otro;reputacion;padre;1;2;0;no;si;no;si;si;si;yes;yes;5;4;5;1;3;5;4;10;12;14
310;II;M;18;R;mayor_3;J;2;1;otro;otro;reputacion;madre;2;2;0;no;si;no;no;si;no;yes;yes;4;3;5;1;2;3;12;8;9;10
311;II;M;19;U;mayor_3;J;3;3;otro;servicios;recomendacion;otro;1;2;0;no;si;no;si;si;si;yes;no;4;3;5;3;3;5;16;11;12;12
312;II;M;18;U;mayor_3;J;2;3;otro;servicios;reputacion;padre;1;4;0;no;si;no;si;si;si;yes;yes;4;5;5;1;3;2;10;16;16;16
313;II;M;18;U;menor_e3;J;1;1;otro;otro;recomendacion;madre;2;2;0;no;si;no;no;no;si;no;no;4;4;3;1;1;3;2;13;13;13
314;II;H;17;R;mayor_3;J;1;2;en_casa;en_casa;recomendacion;madre;1;2;0;no;si;no;si;no;si;no;yes;3;5;2;2;2;1;2;16;17;18
315;II;M;18;U;mayor_3;J;2;1;otro;otro;recomendacion;madre;1;2;0;no;si;no;no;si;si;yes;yes;4;2;5;1;2;1;8;14;14;15
316;II;M;17;U;mayor_3;J;2;4;en_casa;salud;reputacion;madre;2;2;0;no;si;no;no;si;si;yes;yes;4;3;3;1;1;1;6;15;16;16
317;II;M;17;U;menor_e3;J;2;2;servicios;otro;habilidad;madre;2;2;0;si;si;no;no;si;si;yes;yes;4;4;4;2;3;5;6;12;12;12
318;II;M;18;R;mayor_3;S;3;2;otro;servicios;recomendacion;madre;2;2;0;no;no;no;no;no;no;yes;yes;4;1;1;1;1;5;15;12;9;10
319;II;H;18;U;mayor_3;J;4;4;profesor;servicios;recomendacion;madre;2;1;0;no;no;no;si;si;si;yes;no;3;2;4;1;4;3;6;11;12;12
320;II;M;18;U;mayor_3;J;4;4;salud;salud;reputacion;padre;1;2;1;si;si;no;si;si;si;yes;yes;2;4;4;1;1;4;2;14;12;13
321;II;M;17;U;mayor_3;J;2;2;otro;servicios;reputacion;padre;3;3;0;no;si;no;no;si;si;yes;yes;4;2;3;1;1;1;8;13;15;15
322;II;M;19;R;mayor_3;J;3;2;servicios;servicios;reputacion;padre;1;2;1;si;si;no;no;si;no;yes;no;3;3;3;4;3;3;0;9;8;10
323;II;H;18;U;menor_e3;J;4;3;profesor;servicios;habilidad;madre;2;1;0;no;no;no;si;si;si;yes;no;4;2;3;1;2;1;0;10;10;10
324;II;H;18;U;mayor_3;J;1;2;en_casa;otro;recomendacion;otro;2;1;0;no;no;no;no;no;no;yes;no;3;4;4;2;4;4;10;10;10;11
325;II;H;17;U;menor_e3;S;4;1;servicios;otro;recomendacion;madre;2;1;0;no;no;no;si;si;si;yes;yes;4;5;4;2;4;5;22;11;11;10
326;II;H;17;U;menor_e3;S;3;2;profesor;servicios;recomendacion;madre;1;1;0;no;no;no;no;si;si;yes;no;4;4;4;3;4;3;18;13;13;13
327;II;M;18;R;menor_e3;J;1;1;en_casa;otro;reputacion;madre;2;4;0;no;si;no;si;si;si;no;no;5;2;2;1;1;3;2;17;17;18
328;II;M;18;U;mayor_3;J;1;1;otro;otro;recomendacion;madre;2;2;0;si;no;no;si;si;si;yes;no;5;4;4;1;1;4;0;12;13;13
329;II;M;17;U;mayor_3;J;2;2;otro;otro;habilidad;madre;1;2;0;no;si;no;no;no;si;yes;no;5;4;5;1;2;5;12;12;12;14
330;II;M;18;U;mayor_3;J;2;1;otro;otro;reputacion;madre;2;2;0;no;no;no;si;si;si;yes;yes;4;3;1;1;1;5;10;12;13;14
331;II;H;17;U;mayor_3;J;1;1;otro;otro;reputacion;padre;1;2;0;no;no;no;no;no;si;yes;no;4;3;3;1;2;4;0;12;12;12
332;II;M;18;U;mayor_3;J;2;2;en_casa;en_casa;otro;madre;1;3;0;no;si;no;no;si;si;yes;no;4;3;3;1;2;2;0;18;18;18
333;II;M;17;U;mayor_3;J;1;1;servicios;profesor;reputacion;madre;1;3;0;no;si;no;no;si;si;yes;no;4;3;3;1;1;3;0;13;13;14
334;II;H;18;U;mayor_3;J;2;1;servicios;servicios;reputacion;madre;1;3;0;no;no;no;si;si;si;yes;no;4;2;4;1;3;2;0;14;15;15
335;II;H;18;U;menor_e3;S;4;4;profesor;profesor;reputacion;madre;1;2;0;no;si;no;si;si;si;yes;no;5;4;3;1;1;2;0;17;17;17
336;II;H;18;U;mayor_3;J;4;2;profesor;otro;recomendacion;madre;1;2;0;no;si;no;si;si;si;yes;yes;4;3;2;1;4;5;2;15;16;16
337;II;M;17;U;mayor_3;J;4;3;salud;servicios;reputacion;madre;1;3;0;no;si;no;no;si;si;yes;no;4;2;2;1;2;3;0;17;18;18
338;II;M;17;R;menor_e3;J;3;1;servicios;otro;reputacion;madre;2;4;0;no;si;no;no;si;si;no;no;3;1;2;1;1;3;0;18;19;19
339;II;H;18;R;menor_e3;J;3;2;servicios;otro;reputacion;madre;2;3;0;no;si;no;si;si;si;yes;no;5;4;2;1;1;4;0;14;15;15
340;II;H;17;U;mayor_3;J;3;3;salud;otro;recomendacion;madre;1;1;0;no;si;no;no;si;si;yes;no;4;4;3;1;3;5;0;14;15;15
341;II;M;19;U;mayor_3;J;4;4;salud;otro;reputacion;otro;2;2;0;no;si;no;si;si;si;yes;no;2;3;4;2;3;2;2;14;13;13
342;II;M;18;U;menor_e3;J;4;3;otro;otro;recomendacion;otro;2;2;0;no;si;no;no;si;si;yes;yes;4;4;5;1;2;2;0;13;14;14
343;II;M;18;U;mayor_3;J;4;3;otro;otro;reputacion;padre;1;4;0;no;si;no;no;si;si;yes;no;4;3;3;1;1;3;0;16;17;17
344;II;H;18;U;menor_e3;J;4;4;profesor;profesor;recomendacion;madre;1;1;0;no;si;no;no;si;si;yes;yes;1;4;2;2;2;1;0;18;18;17
345;II;M;18;U;menor_e3;S;4;4;salud;otro;recomendacion;madre;1;2;0;no;si;si;no;si;si;yes;yes;4;2;4;1;1;4;0;14;15;15
346;II;H;17;U;menor_e3;J;4;4;otro;profesor;recomendacion;padre;2;1;0;no;no;no;no;si;si;yes;no;4;1;1;2;2;5;0;12;13;13
347;II;M;17;R;mayor_3;J;4;4;servicios;servicios;reputacion;madre;2;3;0;no;si;no;si;si;si;yes;no;5;3;4;1;1;5;0;7;7;8
348;II;M;17;U;mayor_3;J;4;2;otro;otro;reputacion;madre;2;3;0;no;si;no;no;si;si;yes;no;4;3;3;1;1;3;0;16;16;16
349;II;M;17;U;mayor_3;J;3;2;salud;salud;reputacion;padre;1;4;0;no;si;no;si;no;si;yes;no;5;2;2;1;2;5;0;18;18;18
350;II;H;19;R;menor_e3;J;2;1;en_casa;servicios;habilidad;madre;2;3;1;no;no;no;si;si;si;yes;yes;4;3;1;1;1;5;0;9;10;11
351;II;H;20;U;mayor_3;S;3;2;servicios;otro;habilidad;otro;1;1;2;no;no;no;si;si;si;no;no;5;5;3;1;1;5;0;14;15;15
352;II;H;19;R;mayor_3;J;3;3;otro;servicios;reputacion;padre;1;2;0;no;no;no;si;si;si;no;yes;4;5;3;1;2;5;0;10;10;11
353;II;M;18;U;mayor_3;J;1;4;otro;profesor;recomendacion;madre;1;2;0;si;si;no;no;no;si;no;yes;3;4;4;1;2;5;2;10;10;11
354;II;M;18;U;mayor_3;J;2;1;servicios;otro;habilidad;madre;2;2;0;no;si;no;si;si;si;yes;no;5;3;3;1;2;1;2;12;12;15
355;II;M;17;U;mayor_3;J;2;3;otro;otro;habilidad;padre;2;2;0;no;no;no;si;si;si;yes;yes;4;2;1;1;1;3;2;11;12;14
356;II;M;17;R;mayor_3;J;4;4;profesor;profesor;habilidad;madre;1;1;0;no;no;no;si;si;si;yes;no;4;4;4;1;1;5;2;15;16;17
357;II;M;18;U;mayor_3;J;4;3;otro;otro;habilidad;madre;1;3;0;no;si;no;si;si;si;yes;yes;4;3;4;1;1;5;2;14;15;17
358;II;M;18;U;menor_e3;J;4;3;salud;servicios;habilidad;madre;2;1;0;no;si;no;no;si;si;yes;no;3;2;4;1;4;1;8;12;12;15
359;II;M;17;R;mayor_3;J;3;4;en_casa;servicios;habilidad;padre;1;3;0;no;si;no;si;no;si;yes;no;4;3;4;2;5;5;2;15;15;17
360;II;M;18;U;mayor_3;J;3;3;en_casa;otro;habilidad;padre;1;2;0;no;si;no;no;si;si;yes;no;4;1;4;1;1;3;8;11;12;14
361;II;H;19;U;mayor_3;J;4;2;salud;otro;habilidad;madre;2;2;0;no;si;no;si;si;si;yes;yes;5;4;4;1;1;1;9;11;10;10
362;II;M;18;U;mayor_3;J;4;4;profesor;otro;habilidad;madre;1;2;0;no;si;no;no;si;si;yes;no;4;4;4;3;3;5;0;12;11;13
363;II;M;18;U;mayor_3;J;3;4;otro;otro;habilidad;madre;1;1;0;no;si;no;si;si;si;yes;yes;5;4;4;1;1;1;4;11;12;14
364;II;M;17;U;mayor_3;J;4;4;salud;salud;habilidad;madre;1;1;0;no;no;no;si;si;si;yes;no;5;3;4;1;2;5;2;14;15;17
365;II;M;17;U;mayor_3;S;4;3;servicios;servicios;habilidad;madre;1;2;0;no;si;no;no;si;si;yes;yes;5;2;2;1;2;5;14;15;14;17
366;II;M;17;U;menor_e3;S;3;3;servicios;otro;recomendacion;madre;1;2;0;si;si;no;no;si;si;yes;no;5;3;3;1;1;5;0;12;12;13
367;II;M;17;U;menor_e3;J;2;1;otro;otro;recomendacion;padre;1;2;0;no;no;no;si;si;si;yes;no;4;2;3;2;2;2;2;11;12;14
368;II;H;18;U;menor_e3;J;4;4;otro;otro;reputacion;padre;1;1;0;no;si;no;no;si;si;yes;no;4;2;5;3;4;5;2;8;9;11
369;II;M;19;U;mayor_3;J;1;1;otro;otro;habilidad;otro;3;3;0;no;no;no;si;si;no;no;yes;1;5;5;4;3;5;12;10;10;11
370;II;M;19;U;menor_e3;S;1;1;otro;otro;habilidad;otro;3;2;2;no;si;no;no;no;si;yes;yes;5;3;4;1;1;4;2;8;8;9
371;II;M;18;U;mayor_3;J;2;2;otro;otro;habilidad;madre;1;1;0;no;si;no;si;si;si;yes;yes;4;3;5;2;4;5;2;10;10;10
372;II;M;17;U;mayor_3;J;2;2;otro;otro;habilidad;madre;1;2;0;no;si;no;no;si;si;no;yes;4;2;2;1;1;3;4;14;13;13
373;II;M;17;R;menor_e3;J;2;2;servicios;servicios;habilidad;madre;1;3;0;no;si;no;si;si;si;yes;no;3;3;2;2;2;3;0;11;11;10
374;II;M;17;U;mayor_3;J;3;1;servicios;servicios;habilidad;padre;1;3;0;no;si;no;no;no;si;yes;no;3;4;3;2;3;5;0;17;18;17
375;II;M;17;U;menor_e3;J;0;2;en_casa;en_casa;recomendacion;padre;2;3;0;no;no;no;no;si;si;yes;no;3;3;3;2;3;2;0;14;14;15
376;II;M;18;U;mayor_3;J;1;1;otro;otro;recomendacion;madre;2;3;0;no;no;no;si;si;si;yes;no;4;5;5;1;2;2;0;14;14;14
377;II;H;18;U;mayor_3;J;4;4;otro;otro;habilidad;madre;1;3;0;no;no;no;si;si;si;yes;no;4;3;3;2;2;3;0;13;14;13
378;II;H;17;U;mayor_3;J;3;3;otro;servicios;reputacion;madre;1;1;0;no;no;no;si;no;si;yes;no;4;3;5;3;5;5;0;17;18;17
379;II;H;17;R;mayor_3;J;2;2;servicios;otro;habilidad;madre;4;1;0;no;si;no;no;si;si;yes;no;4;4;5;5;5;4;2;11;10;10
380;II;M;17;U;mayor_3;J;4;4;profesor;servicios;habilidad;madre;1;3;0;no;si;no;si;si;si;yes;no;5;4;4;1;3;4;0;13;12;13
381;II;M;17;U;mayor_3;J;4;4;profesor;profesor;habilidad;madre;2;3;0;no;si;no;no;no;si;yes;yes;4;3;3;1;2;4;4;15;14;15
382;II;M;17;U;mayor_3;J;3;3;en_casa;otro;habilidad;madre;1;1;0;no;si;si;si;si;si;yes;no;4;2;5;2;5;5;2;11;12;11
383;II;H;18;U;menor_e3;J;2;2;otro;otro;habilidad;madre;1;4;0;no;si;si;si;si;si;yes;no;4;5;5;2;4;5;0;11;11;12
384;II;H;19;R;mayor_3;J;3;2;en_casa;servicios;recomendacion;otro;1;1;0;no;si;no;no;no;si;no;yes;5;3;4;2;2;5;0;11;10;10
385;II;M;18;U;mayor_3;J;2;2;en_casa;otro;habilidad;madre;4;2;0;no;no;no;si;si;si;no;yes;4;2;5;1;1;2;2;10;9;10
386;II;M;17;R;mayor_3;J;2;4;en_casa;otro;habilidad;padre;1;3;0;no;si;no;no;si;si;yes;yes;4;4;3;1;1;5;0;15;15;15
387;II;H;18;U;mayor_3;J;2;2;otro;otro;reputacion;madre;1;1;0;no;no;no;no;no;si;yes;no;5;4;2;1;2;5;6;15;14;15
388;II;M;18;U;mayor_3;J;3;3;servicios;servicios;recomendacion;madre;1;2;0;no;no;no;si;si;si;yes;no;5;3;4;1;1;4;8;10;11;12
389;II;M;18;U;menor_e3;J;2;2;otro;otro;recomendacion;otro;1;2;0;no;no;no;si;no;si;yes;yes;4;3;3;1;1;2;0;10;9;12
390;II;M;18;R;mayor_3;J;2;2;en_casa;otro;habilidad;madre;2;4;0;no;no;no;si;si;si;no;no;4;4;4;1;1;4;6;14;13;14
391;II;M;17;U;mayor_3;J;3;4;servicios;otro;habilidad;madre;1;3;0;no;no;no;no;si;si;yes;no;4;4;5;1;3;5;8;11;13;14
392;II;M;17;U;mayor_3;J;3;2;otro;otro;recomendacion;madre;1;2;0;no;si;no;no;si;si;yes;yes;4;3;2;2;3;2;0;12;13;15
393;II;M;18;U;menor_e3;J;3;3;servicios;servicios;recomendacion;madre;1;4;0;no;si;no;no;si;si;yes;no;5;3;3;1;1;1;4;14;14;15
394;II;M;17;R;mayor_3;S;3;2;otro;otro;recomendacion;madre;1;2;0;no;si;no;no;si;si;yes;no;4;3;3;2;3;2;0;14;14;16
395;II;H;18;U;mayor_3;J;4;4;profesor;servicios;recomendacion;padre;1;2;0;no;si;no;si;si;si;yes;no;4;3;3;2;2;2;0;12;12;13
396;II;H;18;U;menor_e3;J;3;4;servicios;otro;recomendacion;madre;1;2;0;no;no;no;si;si;si;yes;yes;4;3;3;1;3;5;6;16;16;17
397;II;M;17;U;mayor_3;S;2;2;en_casa;en_casa;recomendacion;padre;1;2;0;no;si;no;no;si;si;yes;yes;3;3;1;1;2;4;18;10;12;14
398;II;M;18;U;mayor_3;J;2;3;en_casa;otro;habilidad;madre;1;3;0;no;si;no;no;si;si;yes;no;4;3;3;1;2;3;0;11;12;14
399;II;M;18;U;mayor_3;J;3;2;otro;servicios;otro;madre;1;3;0;no;no;no;no;si;si;yes;yes;5;4;3;2;3;1;4;14;16;17
400;II;H;18;R;mayor_3;J;4;3;profesor;servicios;habilidad;madre;1;3;0;no;no;no;no;si;si;yes;yes;5;3;2;1;2;4;4;15;14;17
401;II;H;18;U;mayor_3;J;4;3;profesor;otro;habilidad;madre;1;3;0;no;si;no;no;si;si;yes;yes;5;4;5;2;3;5;0;14;13;14
402;II;M;17;U;mayor_3;J;4;3;salud;otro;reputacion;madre;1;3;0;no;si;no;si;si;si;yes;yes;4;4;3;1;3;4;0;11;12;13
403;II;M;17;U;mayor_3;J;2;1;servicios;otro;habilidad;madre;2;2;0;no;si;no;si;si;si;yes;yes;4;3;4;2;2;1;10;12;15;15
404;II;M;17;U;mayor_3;J;2;1;servicios;otro;reputacion;madre;1;2;0;no;si;no;si;si;si;yes;no;4;3;5;2;4;4;4;12;16;16
405;II;M;19;U;menor_e3;S;2;3;en_casa;otro;recomendacion;otro;2;1;1;no;no;no;no;si;no;yes;no;2;2;3;3;4;5;16;10;11;11
406;II;M;17;U;mayor_3;J;3;1;otro;en_casa;recomendacion;madre;1;1;1;no;si;si;no;si;si;yes;yes;4;1;2;1;1;3;6;10;13;13
407;II;M;21;U;menor_e3;J;4;4;otro;otro;reputacion;otro;1;3;2;no;no;si;si;si;si;yes;no;3;3;2;1;1;5;0;9;12;12
408;II;H;18;U;menor_e3;J;2;2;servicios;servicios;reputacion;madre;1;2;0;no;si;no;si;no;no;yes;no;4;4;4;1;3;3;11;9;11;12
409;II;H;18;U;menor_e3;S;3;4;otro;otro;reputacion;otro;1;2;0;no;no;no;si;si;si;yes;yes;4;3;5;1;4;2;9;13;14;15
410;II;M;17;U;mayor_3;J;2;2;servicios;servicios;reputacion;madre;1;2;0;no;si;no;si;si;si;yes;no;4;3;4;1;3;4;0;13;17;17
411;II;H;17;U;menor_e3;S;4;4;salud;otro;reputacion;madre;1;3;0;no;si;no;no;si;si;yes;no;4;4;2;1;2;4;2;12;15;15
412;II;M;18;U;menor_e3;J;4;2;profesor;otro;habilidad;madre;1;2;0;no;si;no;si;si;si;yes;no;4;2;2;1;1;3;0;14;17;17
413;II;H;21;R;menor_e3;J;1;1;en_casa;otro;habilidad;otro;2;2;2;no;si;no;si;si;no;yes;yes;5;3;3;5;2;4;21;9;10;10
414;II;M;20;R;mayor_3;J;1;1;otro;otro;reputacion;otro;2;3;0;no;no;no;no;si;si;yes;yes;3;2;2;1;3;3;8;11;15;15
415;II;M;19;U;mayor_3;J;4;4;profesor;otro;recomendacion;otro;1;1;1;no;si;no;no;si;si;yes;yes;3;2;5;4;4;5;5;9;10;11
416;II;H;17;U;menor_e3;S;3;2;otro;otro;reputacion;madre;1;2;0;no;si;no;no;si;si;yes;no;4;4;4;1;2;5;10;16;18;18
417;II;M;18;U;mayor_3;J;3;2;en_casa;otro;reputacion;padre;1;3;0;no;si;no;no;si;si;yes;yes;4;3;4;1;2;2;5;14;17;17
418;II;H;18;R;mayor_3;J;2;3;otro;servicios;reputacion;padre;1;1;0;no;no;no;no;si;si;yes;no;3;1;3;4;5;4;13;13;14;14
419;II;H;19;U;mayor_3;J;2;1;otro;otro;reputacion;madre;1;1;0;no;no;no;no;si;si;yes;no;5;3;4;1;4;4;10;7;11;11
420;II;M;18;U;menor_e3;S;2;2;servicios;otro;reputacion;madre;2;2;0;no;si;no;no;si;si;yes;no;4;1;4;1;3;4;10;14;17;17
421;II;M;20;U;mayor_3;J;1;0;otro;otro;reputacion;madre;2;1;1;si;no;no;no;si;si;yes;yes;5;3;1;1;1;5;5;8;10;10
422;II;M;18;U;mayor_3;J;3;2;servicios;otro;recomendacion;madre;1;2;0;no;si;no;si;no;si;yes;yes;3;1;2;1;2;1;4;10;13;13
423;MS;M;16;U;mayor_3;J;1;3;en_casa;otro;otro;padre;2;1;0;no;si;no;no;si;no;yes;yes;4;3;3;1;3;5;11;10;11;11
424;MS;M;16;R;mayor_3;J;2;2;otro;otro;habilidad;madre;2;2;0;no;si;no;si;si;si;yes;no;4;4;4;1;1;5;0;12;12;12
425;MS;M;15;R;mayor_3;J;1;1;en_casa;servicios;otro;madre;1;1;1;no;si;no;no;si;si;no;yes;4;1;3;1;1;2;6;10;10;10
426;MS;M;15;R;mayor_3;J;3;3;en_casa;otro;habilidad;madre;2;1;0;no;si;no;no;si;si;yes;no;5;4;4;2;3;5;4;10;10;11
427;MS;M;16;R;mayor_3;J;2;3;en_casa;servicios;habilidad;madre;2;2;0;no;no;no;no;si;si;no;no;4;5;2;1;2;5;0;16;17;17
428;MS;M;15;R;menor_e3;J;2;1;en_casa;otro;recomendacion;madre;2;1;0;no;no;no;no;si;no;no;no;1;3;4;1;1;1;0;6;8;9
429;MS;H;16;R;menor_e3;S;4;4;en_casa;otro;recomendacion;madre;1;2;0;no;si;no;no;si;si;no;no;5;3;2;1;3;2;5;10;11;11
430;MS;H;16;U;mayor_3;S;1;2;otro;otro;otro;madre;1;3;0;si;no;no;no;si;si;yes;no;4;4;3;1;1;5;0;10;11;11
431;MS;M;17;R;mayor_3;J;3;2;en_casa;otro;habilidad;padre;1;2;1;no;no;no;no;si;si;no;yes;4;5;4;1;2;5;0;10;10;10
432;MS;M;17;R;mayor_3;J;1;1;otro;otro;otro;padre;1;1;1;no;si;no;no;no;no;yes;no;5;4;4;2;2;5;0;6;6;7
433;MS;M;15;R;mayor_3;J;4;4;profesor;otro;habilidad;madre;2;1;0;no;no;no;no;si;si;yes;yes;1;5;1;3;5;5;0;13;14;14
434;MS;M;16;U;menor_e3;S;2;2;en_casa;otro;reputacion;madre;2;4;0;no;no;no;si;no;no;no;yes;1;2;1;1;1;1;4;10;9;11
435;MS;M;15;R;menor_e3;J;1;1;en_casa;servicios;reputacion;padre;2;2;0;no;si;no;no;si;si;yes;no;5;4;3;1;2;4;0;10;10;10
436;MS;M;15;R;menor_e3;J;1;1;otro;servicios;habilidad;madre;2;1;1;no;si;no;no;si;si;yes;yes;4;4;3;1;2;2;4;6;7;8
437;MS;M;16;R;mayor_3;J;0;2;otro;otro;otro;madre;2;1;0;no;si;no;si;si;si;no;no;3;2;3;1;2;2;0;12;11;12
438;MS;M;17;R;mayor_3;J;2;3;otro;otro;habilidad;madre;2;1;0;no;si;no;no;si;si;yes;no;5;5;5;1;3;3;2;10;11;12
439;MS;M;15;R;mayor_3;J;3;3;otro;servicios;habilidad;padre;2;1;0;no;no;no;no;no;si;yes;no;4;1;3;1;1;4;0;14;16;16
440;MS;H;16;U;mayor_3;J;1;1;en_casa;servicios;recomendacion;madre;2;2;0;no;si;no;si;si;si;no;yes;5;4;5;4;5;3;0;7;0;0
441;MS;H;17;U;mayor_3;J;1;1;otro;otro;recomendacion;madre;1;2;0;no;no;si;no;no;si;yes;no;4;4;3;2;4;5;4;8;9;9
442;MS;H;15;R;menor_e3;J;4;1;salud;servicios;reputacion;padre;1;2;0;no;si;no;si;si;si;yes;no;5;3;4;1;2;2;0;12;13;14
443;MS;H;15;R;menor_e3;J;4;1;salud;servicios;reputacion;padre;1;2;0;no;si;no;si;si;si;yes;no;5;3;4;1;2;2;7;7;9;8
444;MS;H;16;R;mayor_3;J;3;4;otro;salud;otro;madre;3;2;0;no;no;no;no;no;si;no;no;3;4;5;1;2;5;4;9;10;11
445;MS;H;15;R;mayor_3;J;1;1;otro;otro;habilidad;madre;4;2;0;no;si;no;si;si;si;no;yes;5;4;5;2;4;4;8;7;9;9
446;MS;H;15;U;menor_e3;J;3;3;en_casa;en_casa;reputacion;padre;1;2;0;no;si;no;si;si;si;yes;no;5;3;3;1;1;5;0;11;11;11
447;MS;H;17;R;mayor_3;J;2;1;otro;otro;otro;madre;3;1;0;no;no;no;si;si;no;no;yes;5;5;5;5;5;3;8;8;10;9
448;MS;M;16;R;mayor_3;J;4;4;profesor;profesor;habilidad;madre;2;3;0;no;no;no;si;si;si;yes;yes;4;2;2;1;1;4;6;16;16;17
449;MS;M;15;R;mayor_3;J;1;2;otro;servicios;habilidad;madre;2;1;0;no;no;no;no;si;si;no;no;5;1;2;1;1;1;3;11;13;13
450;MS;M;16;R;mayor_3;J;2;3;otro;servicios;habilidad;madre;3;2;0;no;si;no;no;si;si;yes;no;4;5;4;1;2;1;2;15;15;15
451;MS;H;16;R;mayor_3;J;1;2;otro;otro;habilidad;padre;2;2;0;no;no;no;no;si;si;no;no;4;3;3;1;1;5;0;10;11;11
452;MS;M;16;R;mayor_3;J;2;2;otro;otro;habilidad;madre;3;2;0;no;si;no;no;si;si;yes;no;4;4;5;1;1;4;4;9;10;11
453;MS;M;16;U;mayor_3;J;1;2;otro;servicios;habilidad;madre;1;3;1;no;si;no;no;si;si;no;no;1;3;2;1;2;4;0;10;8;8
454;MS;M;16;U;mayor_3;J;1;2;otro;servicios;habilidad;madre;1;3;1;no;si;no;no;si;si;no;no;1;3;2;1;2;4;3;9;8;8
455;MS;M;15;U;mayor_3;J;2;1;en_casa;otro;recomendacion;madre;1;2;0;si;si;no;no;no;si;yes;no;4;4;2;3;3;2;0;9;10;9
456;MS;M;16;U;mayor_3;J;1;1;en_casa;otro;habilidad;padre;1;2;0;no;si;no;no;no;si;no;yes;5;4;3;2;1;2;0;13;14;15
457;MS;H;17;R;menor_e3;J;1;2;en_casa;servicios;reputacion;madre;1;1;0;no;si;no;si;si;si;yes;no;5;5;5;5;5;3;4;10;11;11
458;MS;M;16;R;mayor_3;J;1;1;otro;otro;recomendacion;padre;4;4;0;no;si;no;no;no;si;yes;no;4;3;2;1;1;1;0;13;10;13
459;MS;M;16;R;mayor_3;J;1;1;en_casa;otro;otro;padre;4;3;0;si;si;no;no;si;si;no;no;4;4;3;1;1;5;2;10;9;10
460;MS;M;15;R;mayor_3;J;1;1;en_casa;otro;recomendacion;padre;2;2;0;no;si;no;si;si;si;yes;no;4;3;3;1;1;2;1;11;10;11
461;MS;M;16;R;mayor_3;J;1;1;en_casa;otro;otro;madre;2;1;0;no;no;no;si;si;si;yes;yes;4;2;2;4;3;2;0;13;12;14
462;MS;M;15;R;mayor_3;J;1;1;en_casa;en_casa;habilidad;padre;3;2;0;no;si;no;no;si;si;no;no;4;2;1;1;2;2;0;13;14;14
463;MS;M;15;R;menor_e3;J;2;2;otro;otro;otro;padre;1;3;0;si;si;no;no;si;si;no;no;4;4;3;2;2;5;2;14;11;12
464;MS;H;16;R;mayor_3;J;1;1;en_casa;otro;otro;padre;2;1;0;no;no;no;si;si;si;no;no;3;4;4;3;4;5;6;11;11;11
465;MS;M;18;U;mayor_3;J;1;2;otro;otro;habilidad;padre;1;2;1;no;si;no;si;si;si;yes;yes;3;4;4;2;3;5;9;9;8;8
466;MS;H;15;U;mayor_3;J;3;1;otro;servicios;recomendacion;madre;2;1;0;no;si;no;no;si;si;no;no;3;2;3;1;3;4;0;10;9;11
467;MS;M;16;R;mayor_3;J;2;2;otro;servicios;habilidad;padre;3;2;0;no;si;no;si;si;si;yes;no;5;3;4;1;1;2;1;14;13;14
468;MS;H;15;U;mayor_3;J;2;2;salud;otro;reputacion;madre;3;1;0;no;no;no;no;si;si;no;no;4;3;3;1;2;4;1;13;12;13
469;MS;H;16;U;mayor_3;J;4;4;otro;profesor;habilidad;padre;1;2;0;no;si;no;si;si;si;no;yes;4;3;1;1;1;3;0;13;12;13
470;MS;M;15;R;mayor_3;J;3;3;servicios;otro;reputacion;madre;1;2;0;no;si;no;no;si;si;yes;yes;4;5;4;1;1;1;4;13;12;12
471;MS;M;16;R;mayor_3;J;2;2;en_casa;otro;habilidad;madre;2;2;1;no;si;no;si;no;si;no;no;4;4;4;2;3;5;2;12;11;12
472;MS;M;16;R;menor_e3;J;2;2;otro;otro;recomendacion;padre;3;1;0;no;si;no;si;si;si;no;yes;4;3;2;1;1;4;0;14;14;16
473;MS;H;16;U;menor_e3;J;2;1;en_casa;servicios;habilidad;madre;2;1;0;no;si;no;si;si;si;yes;no;2;4;3;2;3;4;4;10;8;10
474;MS;H;15;R;menor_e3;J;1;3;en_casa;otro;reputacion;padre;3;1;0;no;si;no;si;si;si;yes;no;4;2;4;3;5;3;2;10;11;11
475;MS;M;15;U;mayor_3;J;2;2;otro;servicios;habilidad;madre;2;3;0;no;si;no;si;si;si;no;no;5;3;2;1;1;4;0;12;13;14
476;MS;M;16;R;menor_e3;J;2;1;otro;otro;recomendacion;madre;1;1;0;no;si;no;no;si;si;yes;yes;5;4;3;1;1;5;2;10;8;8
477;MS;H;15;U;mayor_3;J;3;3;servicios;servicios;habilidad;padre;2;1;0;no;si;no;si;no;si;yes;no;4;3;3;2;4;3;11;12;10;11
478;MS;M;16;R;mayor_3;J;1;1;en_casa;otro;habilidad;padre;2;2;3;si;si;no;no;si;si;no;no;3;4;3;1;1;1;0;7;7;8
479;MS;M;17;U;mayor_3;J;2;2;otro;en_casa;habilidad;madre;1;1;0;no;si;no;si;si;no;no;no;4;5;3;1;1;5;4;9;9;10
480;MS;M;19;U;mayor_3;J;2;3;en_casa;servicios;habilidad;otro;1;1;1;no;no;no;no;si;no;yes;yes;4;4;4;1;1;2;0;9;9;10
481;MS;M;17;R;mayor_3;J;2;1;en_casa;otro;habilidad;madre;3;1;0;no;si;no;si;si;no;no;yes;5;5;3;1;1;3;2;9;10;11
482;MS;M;15;R;menor_e3;J;1;1;en_casa;otro;habilidad;madre;2;1;0;no;si;no;no;si;no;no;yes;5;2;1;1;3;4;0;9;10;9
483;MS;M;16;R;mayor_3;J;2;2;otro;otro;habilidad;padre;3;2;0;no;si;no;no;si;no;yes;no;3;4;5;1;2;1;1;9;10;11
484;MS;M;16;U;menor_e3;S;2;2;otro;otro;recomendacion;madre;1;1;0;no;si;no;no;si;no;no;no;4;3;4;1;2;1;6;7;7;8
485;MS;M;17;R;mayor_3;J;2;2;en_casa;otro;habilidad;madre;2;2;0;no;si;no;no;si;si;yes;no;4;3;5;1;2;4;0;11;10;11
486;MS;M;16;U;mayor_3;J;2;2;otro;servicios;habilidad;padre;1;1;1;no;si;si;si;no;si;yes;no;4;4;3;1;4;3;1;9;10;10
487;MS;M;18;R;menor_e3;S;3;2;otro;otro;habilidad;otro;2;3;2;no;si;no;no;no;no;no;yes;3;3;2;1;1;2;6;7;9;10
488;MS;M;19;U;mayor_3;J;1;1;en_casa;servicios;habilidad;madre;1;3;1;no;no;no;si;si;no;no;yes;5;3;1;1;1;3;6;7;9;9
489;MS;H;18;R;mayor_3;J;1;1;otro;otro;recomendacion;madre;2;1;1;no;no;no;si;si;no;yes;no;4;4;3;3;4;4;0;8;9;10
490;MS;M;18;R;mayor_3;J;1;1;en_casa;en_casa;habilidad;madre;2;1;1;no;no;no;no;no;no;yes;yes;3;2;3;1;1;2;4;9;11;10
491;MS;M;19;U;mayor_3;J;1;1;otro;otro;habilidad;otro;2;2;1;no;si;no;no;si;si;yes;yes;1;1;4;4;1;1;12;7;8;9
492;MS;M;16;R;mayor_3;S;2;2;salud;otro;habilidad;madre;1;2;0;no;no;no;no;no;si;no;yes;3;3;2;1;1;3;2;8;10;10
493;MS;M;17;U;mayor_3;J;0;1;otro;en_casa;habilidad;padre;2;1;0;no;no;no;si;no;si;no;no;2;4;4;3;5;5;5;9;9;10
494;MS;M;16;R;menor_e3;J;1;2;en_casa;otro;habilidad;madre;1;2;0;no;no;no;si;si;no;yes;no;4;4;5;1;3;3;0;8;9;9
495;MS;M;16;U;mayor_3;J;3;3;otro;otro;reputacion;madre;1;1;0;no;no;no;si;si;no;yes;yes;4;5;4;1;1;4;0;14;13;13
496;MS;M;16;R;menor_e3;J;1;1;servicios;servicios;recomendacion;madre;1;1;0;no;si;no;si;si;si;yes;yes;4;4;4;2;2;4;2;14;14;14
497;MS;H;17;U;mayor_3;J;3;3;servicios;en_casa;habilidad;madre;2;4;1;no;si;si;si;si;si;no;no;5;4;5;3;4;5;0;10;11;10
498;MS;M;16;U;mayor_3;J;2;1;otro;servicios;habilidad;madre;1;2;0;no;si;no;si;si;si;yes;no;5;3;3;1;1;1;0;14;13;14
499;MS;M;16;U;mayor_3;J;2;2;servicios;otro;habilidad;madre;1;1;0;no;si;si;si;si;si;no;yes;4;2;5;1;2;5;0;17;16;16
500;MS;H;17;U;mayor_3;J;1;2;otro;otro;habilidad;padre;1;1;1;no;si;no;si;si;no;yes;yes;5;3;5;5;5;1;12;6;7;7
501;MS;H;16;U;menor_e3;J;4;3;otro;otro;habilidad;padre;1;1;0;no;no;no;si;si;si;yes;no;4;2;5;1;5;5;8;14;12;13
502;MS;H;17;R;menor_e3;J;2;2;servicios;servicios;otro;madre;3;4;1;no;si;no;no;si;si;no;no;1;3;5;3;5;3;2;10;8;9
503;MS;M;16;U;mayor_3;J;1;1;otro;otro;habilidad;otro;1;4;0;si;si;no;si;si;si;yes;no;2;2;1;1;1;5;0;14;14;14
504;MS;M;19;U;menor_e3;J;2;2;otro;otro;recomendacion;madre;1;3;0;no;no;no;no;si;si;yes;yes;5;4;5;1;1;1;0;12;13;13
505;MS;M;17;R;mayor_3;J;1;1;en_casa;otro;reputacion;madre;2;1;0;no;si;no;si;no;si;yes;yes;4;4;5;1;2;5;0;11;11;11
506;MS;M;20;U;mayor_3;J;3;3;en_casa;servicios;otro;madre;2;2;1;no;no;no;si;si;si;yes;yes;3;3;4;2;4;3;8;11;9;10
507;MS;M;17;U;menor_e3;J;1;1;otro;servicios;habilidad;padre;1;3;0;no;si;no;no;si;si;no;yes;4;3;3;1;1;3;0;11;11;10
508;MS;H;17;R;mayor_3;J;2;2;otro;otro;habilidad;madre;3;1;1;no;si;no;no;no;si;yes;no;4;4;5;1;2;5;0;10;9;9
509;MS;M;16;R;menor_e3;J;1;1;en_casa;otro;habilidad;padre;3;2;0;no;si;no;no;si;si;no;no;5;3;2;1;1;1;0;16;17;18
510;MS;M;17;R;mayor_3;J;2;2;otro;otro;reputacion;madre;2;2;0;no;si;no;si;si;si;no;no;5;3;2;1;1;1;0;15;17;17
511;MS;M;17;U;mayor_3;S;1;0;otro;otro;otro;madre;2;2;0;no;no;no;no;si;si;yes;yes;4;4;5;1;1;4;1;11;9;10
512;MS;M;18;R;mayor_3;J;1;1;en_casa;otro;otro;madre;1;2;1;no;si;no;no;si;si;yes;yes;4;3;2;1;1;5;9;7;7;7
513;MS;M;16;U;mayor_3;J;3;1;otro;otro;habilidad;madre;1;1;0;no;no;no;si;si;si;yes;no;3;1;3;1;3;1;0;8;6;8
514;MS;M;16;U;mayor_3;J;3;2;servicios;en_casa;habilidad;madre;1;1;0;no;no;no;no;si;si;yes;no;3;1;3;1;4;3;2;7;6;7
515;MS;M;18;U;menor_e3;J;1;1;otro;en_casa;reputacion;madre;2;2;0;si;no;no;no;si;si;no;no;2;3;5;1;4;3;8;9;8;10
516;MS;M;16;R;mayor_3;J;4;4;salud;profesor;reputacion;padre;1;2;0;no;no;no;si;no;si;yes;yes;4;3;3;2;3;2;0;14;16;16
517;MS;M;16;R;menor_e3;J;1;2;otro;otro;reputacion;madre;2;1;0;no;no;no;si;si;si;yes;no;5;4;5;1;4;2;0;14;14;15
518;MS;M;18;U;mayor_3;S;2;4;otro;servicios;reputacion;padre;1;2;1;no;si;no;no;si;si;yes;no;2;3;2;1;3;1;8;8;5;8
519;MS;H;16;R;mayor_3;J;2;1;otro;servicios;reputacion;madre;2;2;0;no;no;no;si;si;si;yes;no;5;2;1;1;1;2;0;8;7;0
520;MS;M;16;U;menor_e3;J;1;1;en_casa;otro;otro;madre;3;2;0;no;si;no;no;si;si;yes;no;4;3;2;1;3;5;6;6;8;8
521;MS;M;16;R;mayor_3;J;2;3;en_casa;servicios;otro;madre;2;2;0;no;si;no;si;si;si;yes;no;3;3;3;1;1;2;0;8;10;10
522;MS;M;16;U;mayor_3;J;4;4;salud;salud;habilidad;madre;1;2;0;no;si;no;no;si;si;yes;yes;4;3;4;1;2;3;4;8;8;8
523;MS;H;18;U;menor_e3;J;4;4;en_casa;salud;recomendacion;madre;1;4;0;no;si;no;si;si;no;yes;yes;5;5;5;5;5;5;2;5;6;6
524;MS;M;16;R;menor_e3;J;3;4;en_casa;otro;otro;madre;3;2;0;no;si;no;no;no;si;no;no;4;2;1;1;1;2;2;7;9;8
525;MS;H;17;U;menor_e3;J;4;4;otro;servicios;recomendacion;madre;1;3;0;no;si;no;no;si;si;yes;no;4;4;3;1;2;5;0;15;14;16
526;MS;M;17;R;mayor_3;J;4;1;otro;otro;otro;madre;1;1;0;no;no;no;no;si;si;yes;yes;4;2;3;1;2;5;1;13;14;14
527;MS;H;16;U;menor_e3;J;2;2;servicios;servicios;otro;madre;4;3;0;no;no;no;no;si;si;no;no;5;1;3;2;2;3;0;10;9;10
528;MS;M;17;R;mayor_3;J;2;2;en_casa;otro;otro;madre;1;1;0;no;si;si;no;si;si;yes;no;5;1;3;1;2;5;5;9;9;9
529;MS;M;16;U;menor_e3;J;4;4;servicios;servicios;otro;padre;2;1;0;no;si;no;no;si;si;no;no;5;1;3;1;2;5;1;11;11;11
530;MS;H;17;U;mayor_3;J;3;3;servicios;servicios;recomendacion;madre;1;1;0;no;si;no;si;si;si;yes;no;4;1;4;5;5;3;8;7;10;9
531;MS;H;17;U;mayor_3;J;1;1;en_casa;servicios;otro;madre;3;2;0;no;no;no;no;si;si;yes;yes;5;1;3;3;3;1;0;10;10;10
532;MS;H;16;U;mayor_3;J;2;1;salud;servicios;otro;madre;2;2;0;no;no;no;no;no;si;yes;yes;4;2;2;1;4;5;2;9;7;8
533;MS;M;16;U;menor_e3;J;2;1;otro;servicios;otro;madre;1;2;0;no;no;no;no;si;si;yes;yes;3;2;2;1;1;3;0;14;15;16
534;MS;H;16;U;menor_e3;J;4;4;profesor;salud;otro;padre;1;1;0;no;si;no;no;si;si;yes;no;4;1;2;2;5;5;0;11;12;12
535;MS;H;15;R;mayor_3;J;1;2;otro;servicios;habilidad;madre;3;2;0;no;si;no;si;si;si;no;no;5;5;5;1;3;5;11;9;11;10
536;MS;H;15;U;menor_e3;S;2;2;otro;otro;reputacion;madre;3;4;0;no;si;no;si;si;si;no;no;5;4;5;2;3;5;8;13;14;14
537;MS;H;15;U;menor_e3;S;2;1;servicios;servicios;habilidad;madre;1;1;0;no;no;no;si;si;si;yes;no;4;3;3;1;2;5;11;12;13;12
538;MS;M;16;R;menor_e3;J;2;2;otro;otro;habilidad;madre;1;3;0;no;si;no;no;no;si;no;yes;4;3;3;2;2;5;2;11;11;11
539;MS;M;16;U;menor_e3;J;4;1;otro;otro;recomendacion;madre;2;2;0;no;si;no;si;si;si;yes;no;1;2;4;2;2;1;8;9;10;10
540;MS;M;17;U;mayor_3;J;3;2;en_casa;otro;recomendacion;madre;2;1;0;no;no;no;no;si;si;no;yes;4;3;3;2;2;1;5;9;11;11
541;MS;M;17;R;mayor_3;J;2;2;otro;otro;otro;madre;2;2;0;si;no;si;no;si;si;no;no;5;1;3;1;1;5;0;11;9;11
542;MS;M;16;U;mayor_3;J;4;4;profesor;servicios;habilidad;madre;2;3;0;no;si;no;no;si;si;yes;yes;5;3;5;1;4;5;1;10;11;12
543;MS;H;17;R;mayor_3;J;4;4;salud;otro;habilidad;padre;3;1;3;no;no;no;si;si;si;yes;yes;3;3;3;1;3;5;2;9;9;8
544;MS;H;17;R;menor_e3;J;1;3;otro;otro;habilidad;padre;2;1;0;no;no;no;si;si;si;no;yes;5;1;2;3;3;5;2;12;11;12
545;MS;H;17;U;mayor_3;J;3;4;servicios;otro;otro;madre;1;2;1;no;si;no;si;no;si;yes;yes;5;4;4;3;4;5;8;8;9;8
546;MS;M;17;U;mayor_3;J;4;4;salud;salud;habilidad;padre;1;2;0;no;si;no;no;si;si;yes;no;5;2;5;1;1;5;0;13;15;16
547;MS;H;16;R;menor_e3;J;4;1;otro;en_casa;otro;padre;1;1;0;no;no;no;no;si;si;yes;no;4;1;2;2;1;2;0;10;11;11
548;MS;M;17;U;mayor_3;S;1;1;en_casa;en_casa;otro;madre;1;2;0;no;no;no;si;si;si;yes;yes;4;5;5;1;2;3;2;11;10;11
549;MS;M;17;R;mayor_3;J;4;2;otro;otro;habilidad;madre;2;2;0;si;si;no;no;no;si;yes;no;4;3;3;2;3;5;0;17;18;18
550;MS;H;16;U;menor_e3;S;2;2;otro;servicios;habilidad;padre;2;2;0;no;si;no;no;no;si;yes;yes;4;1;2;2;2;5;0;12;13;13
551;MS;H;17;U;mayor_3;J;3;2;otro;otro;otro;padre;2;2;0;no;si;si;no;si;si;yes;no;4;1;2;2;2;1;0;13;14;13
552;MS;H;19;U;mayor_3;J;1;1;otro;otro;otro;madre;1;2;2;no;si;no;si;si;no;yes;no;4;4;3;3;4;4;2;9;9;10
553;MS;H;17;U;menor_e3;S;1;0;otro;otro;recomendacion;madre;1;1;0;no;no;no;no;si;si;no;yes;4;1;2;1;1;5;4;11;11;12
554;MS;M;17;R;mayor_3;J;1;1;en_casa;en_casa;habilidad;padre;2;1;0;no;si;no;si;si;no;yes;yes;3;5;5;2;2;4;3;10;11;10
555;MS;M;16;R;mayor_3;J;1;2;otro;otro;recomendacion;padre;1;3;0;si;si;no;no;no;si;yes;yes;4;3;4;1;1;3;5;13;14;13
556;MS;H;16;R;menor_e3;J;1;2;otro;en_casa;habilidad;madre;1;1;0;no;no;no;no;si;si;no;no;4;4;4;2;4;5;4;9;10;11
557;MS;M;17;R;mayor_3;J;3;1;otro;otro;habilidad;madre;2;2;3;no;si;no;si;no;si;yes;yes;5;4;4;1;1;5;2;7;9;10
558;MS;H;17;R;mayor_3;J;2;2;otro;otro;habilidad;madre;2;1;0;no;no;no;si;si;no;no;yes;5;5;5;3;5;5;0;8;13;10
559;MS;H;18;R;mayor_3;J;1;0;en_casa;en_casa;habilidad;otro;3;1;1;si;si;no;no;si;si;no;no;4;3;2;1;1;4;0;12;12;13
560;MS;H;17;R;mayor_3;J;1;1;otro;servicios;habilidad;madre;2;1;0;no;si;no;si;no;si;yes;yes;4;5;5;1;3;2;0;10;9;10
561;MS;H;18;U;menor_e3;J;1;1;en_casa;en_casa;habilidad;madre;2;2;0;no;si;no;si;si;si;no;no;4;3;3;1;4;5;6;10;9;10
562;MS;M;16;R;menor_e3;J;2;2;otro;servicios;habilidad;padre;1;2;0;no;no;no;si;si;si;no;yes;5;4;3;1;1;1;0;11;13;12
563;MS;H;17;U;mayor_3;J;2;2;otro;otro;habilidad;madre;1;1;1;no;no;no;si;si;si;no;yes;1;2;1;2;3;5;0;7;0;0
564;MS;H;16;R;mayor_3;J;3;2;servicios;otro;habilidad;padre;2;1;0;no;no;no;no;si;si;yes;no;4;5;5;2;3;5;2;11;9;10
565;MS;H;16;R;menor_e3;J;1;1;en_casa;otro;habilidad;madre;2;1;0;no;no;no;si;si;si;yes;no;4;5;5;2;4;5;0;10;10;9
566;MS;H;18;R;mayor_3;J;1;1;servicios;otro;habilidad;otro;2;1;1;no;si;no;no;si;no;yes;yes;5;3;3;2;3;5;2;9;7;9
567;MS;H;18;R;mayor_3;J;3;2;servicios;otro;habilidad;madre;1;1;1;no;no;no;no;si;no;yes;no;2;3;1;2;2;5;0;4;0;0
568;MS;H;19;U;mayor_3;J;3;2;en_casa;servicios;habilidad;madre;2;1;3;no;no;no;si;si;si;no;no;3;2;1;1;1;3;4;6;11;9
569;MS;H;18;U;mayor_3;J;3;3;en_casa;en_casa;habilidad;madre;1;2;2;no;si;no;si;si;no;yes;no;4;4;5;1;3;3;9;4;8;8
570;MS;H;16;R;mayor_3;J;2;2;servicios;servicios;habilidad;madre;2;1;0;no;si;no;si;si;si;yes;yes;5;4;3;2;4;4;6;7;8;8
571;MS;H;19;U;mayor_3;J;2;1;en_casa;otro;habilidad;otro;2;1;3;no;no;no;si;no;no;yes;yes;4;4;3;1;3;5;4;8;9;9
572;MS;M;16;U;mayor_3;S;3;2;servicios;en_casa;habilidad;madre;2;2;2;no;si;no;si;si;si;no;yes;2;5;5;1;1;1;8;5;5;7
573;MS;M;17;U;mayor_3;J;1;1;otro;en_casa;habilidad;madre;1;1;0;no;si;no;si;si;si;no;no;4;3;2;1;2;5;9;7;9;10
574;MS;H;20;R;mayor_3;J;1;1;otro;otro;habilidad;otro;2;1;1;no;si;no;no;si;no;yes;yes;4;4;3;2;4;4;12;8;11;10
575;MS;M;18;R;mayor_3;S;4;3;servicios;servicios;habilidad;madre;1;1;0;no;si;no;no;si;si;yes;no;5;4;4;3;4;2;8;10;11;10
576;MS;H;18;R;mayor_3;J;3;2;otro;otro;habilidad;madre;2;1;0;no;si;no;no;no;si;yes;no;2;5;5;5;5;5;8;9;10;11
577;MS;H;19;R;mayor_3;J;1;1;otro;servicios;recomendacion;otro;3;2;1;no;no;no;no;si;si;yes;no;5;4;4;3;3;2;8;10;9;11
578;MS;H;17;U;mayor_3;J;3;3;salud;otro;habilidad;madre;2;2;1;no;si;no;no;si;si;yes;no;4;5;4;2;3;3;4;8;9;10
579;MS;H;18;U;menor_e3;J;1;3;en_casa;servicios;habilidad;madre;1;1;0;no;no;no;no;si;no;yes;yes;4;3;3;2;3;3;0;9;10;9
580;MS;H;19;R;mayor_3;J;1;1;otro;otro;recomendacion;otro;3;1;1;no;si;no;no;si;si;yes;no;4;4;4;3;3;5;4;8;9;10
581;MS;M;18;U;mayor_3;S;1;2;en_casa;otro;habilidad;madre;2;2;2;no;si;no;no;si;si;no;no;4;3;3;1;1;5;2;6;8;8
582;MS;M;19;U;menor_e3;S;1;1;en_casa;otro;habilidad;madre;1;1;0;no;si;no;no;si;no;no;no;1;4;4;1;1;5;0;6;8;7
583;MS;M;18;R;mayor_3;J;2;2;otro;otro;otro;madre;2;1;1;no;no;no;no;si;no;yes;yes;5;5;5;1;1;3;0;8;6;0
584;MS;M;17;R;mayor_3;J;0;0;en_casa;otro;habilidad;madre;2;1;0;no;si;no;no;si;si;yes;no;4;4;3;1;1;5;0;10;11;11
585;MS;M;17;R;menor_e3;S;3;1;otro;en_casa;habilidad;otro;2;3;0;no;si;si;no;si;no;no;no;4;2;3;2;2;3;5;8;7;8
586;MS;M;17;U;mayor_3;J;4;2;profesor;servicios;recomendacion;madre;1;2;0;si;si;no;si;si;si;yes;no;5;5;5;1;3;5;0;8;8;0
587;MS;M;18;R;menor_e3;J;2;2;servicios;servicios;habilidad;madre;1;2;1;no;si;no;si;si;si;yes;no;2;3;3;1;2;4;3;7;6;8
588;MS;M;17;U;mayor_3;J;4;1;salud;en_casa;habilidad;madre;1;1;0;no;si;no;no;si;si;no;yes;3;2;2;1;1;5;0;8;10;9
589;MS;M;17;U;menor_e3;J;1;2;en_casa;otro;habilidad;padre;1;1;0;no;no;no;no;si;si;yes;no;5;5;1;1;1;3;0;7;10;10
590;MS;M;18;U;mayor_3;J;1;1;otro;otro;habilidad;madre;3;2;2;no;no;no;si;si;si;no;yes;3;4;4;2;2;5;3;7;8;7
591;MS;M;18;U;mayor_3;J;2;2;servicios;en_casa;reputacion;padre;2;2;0;no;no;no;si;no;si;yes;no;4;3;5;1;1;1;2;12;13;14
592;MS;M;17;U;mayor_3;J;3;3;servicios;servicios;habilidad;madre;2;1;0;no;si;no;no;si;si;yes;no;4;4;3;1;1;4;0;11;12;13
593;MS;M;18;U;menor_e3;S;1;2;en_casa;otro;reputacion;madre;2;2;0;no;no;no;no;si;si;yes;no;4;4;3;1;2;4;0;12;13;14
594;MS;M;18;U;mayor_3;J;4;4;profesor;profesor;reputacion;madre;2;2;0;no;no;no;si;no;si;yes;no;4;3;5;1;2;1;0;18;18;18
595;MS;H;18;U;menor_e3;J;4;4;servicios;otro;reputacion;madre;1;1;0;no;si;no;si;si;si;yes;no;5;4;5;1;1;5;3;17;17;17
596;MS;M;17;U;mayor_3;J;4;2;otro;otro;habilidad;madre;2;2;0;no;si;no;no;si;si;yes;no;4;3;3;1;2;4;0;17;18;18
597;MS;M;18;R;mayor_3;J;2;2;en_casa;otro;habilidad;madre;3;2;1;no;no;no;si;si;si;no;yes;4;3;3;1;1;4;0;9;0;0
598;MS;H;18;U;menor_e3;J;1;2;en_casa;servicios;recomendacion;madre;2;1;0;no;si;no;no;no;si;no;no;4;1;4;5;5;1;8;10;11;11
599;MS;H;18;R;mayor_3;J;4;4;en_casa;servicios;otro;madre;3;1;0;no;si;si;si;si;si;yes;yes;2;5;5;1;1;1;5;12;13;14
600;MS;H;17;R;mayor_3;J;1;1;otro;servicios;otro;padre;3;1;0;no;no;no;no;no;no;no;no;4;2;3;3;4;4;4;12;13;14
601;MS;M;18;U;mayor_3;J;2;2;otro;otro;habilidad;madre;2;2;0;no;si;no;no;no;si;yes;yes;1;3;1;1;1;2;4;8;8;10
602;MS;M;18;U;menor_e3;J;2;2;servicios;servicios;habilidad;padre;2;3;0;no;no;no;no;si;si;yes;yes;5;4;5;1;4;3;0;11;12;13
603;MS;M;18;R;menor_e3;S;4;2;profesor;otro;reputacion;madre;1;2;0;no;no;no;si;si;si;yes;yes;5;3;1;1;1;5;0;5;0;0
604;MS;M;18;U;mayor_3;J;1;1;en_casa;servicios;habilidad;madre;3;2;1;no;no;no;no;si;no;no;no;4;4;2;1;2;2;2;9;10;10
605;MS;M;19;U;mayor_3;J;1;1;en_casa;servicios;otro;padre;2;1;1;no;no;no;no;si;no;no;no;5;5;5;2;3;2;0;5;0;0
606;MS;M;17;U;mayor_3;J;4;2;profesor;otro;habilidad;padre;2;4;0;no;no;no;no;si;si;yes;yes;4;2;3;3;1;5;0;18;18;18
607;MS;M;17;R;menor_e3;S;2;1;servicios;otro;reputacion;madre;2;2;0;no;no;no;si;si;si;yes;yes;5;3;3;1;2;2;5;11;11;12
608;MS;M;18;U;menor_e3;S;1;1;en_casa;servicios;habilidad;madre;1;2;0;no;no;no;no;si;si;no;yes;5;2;3;1;2;3;2;8;10;11
609;MS;M;18;U;mayor_3;J;1;2;en_casa;en_casa;habilidad;padre;2;2;0;no;si;no;no;si;no;no;no;4;1;1;1;1;4;0;11;11;12
610;MS;M;19;R;mayor_3;S;1;1;en_casa;en_casa;habilidad;otro;2;2;3;no;si;no;si;si;no;no;yes;3;5;4;1;4;1;0;8;0;0
611;MS;M;18;R;mayor_3;J;2;2;servicios;otro;recomendacion;madre;2;3;0;no;no;no;no;si;si;yes;yes;4;2;1;1;1;4;5;14;14;15
612;MS;H;17;R;mayor_3;J;4;3;servicios;otro;recomendacion;madre;2;2;1;no;si;si;si;no;si;yes;yes;4;5;5;1;3;2;4;10;11;11
613;MS;M;18;U;mayor_3;J;3;3;servicios;servicios;habilidad;padre;1;2;0;no;si;no;no;si;si;no;yes;5;3;4;1;1;5;0;10;10;10
614;MS;M;17;R;mayor_3;J;4;4;profesor;servicios;otro;padre;2;2;0;no;si;si;si;si;si;yes;no;4;3;3;1;2;5;2;12;12;12
615;MS;M;17;U;menor_e3;S;3;2;servicios;otro;reputacion;madre;2;2;0;no;no;no;no;si;si;no;yes;1;2;3;1;2;5;0;15;14;15
616;MS;H;18;U;menor_e3;J;1;1;otro;servicios;recomendacion;padre;2;1;0;no;no;no;no;no;si;yes;yes;3;3;2;1;2;3;2;14;13;14
617;MS;M;18;U;menor_e3;J;1;1;en_casa;servicios;habilidad;padre;2;3;0;no;no;no;no;si;si;yes;no;5;3;2;1;1;4;0;19;17;18
618;MS;M;18;R;menor_e3;S;1;2;en_casa;otro;habilidad;madre;3;2;0;no;no;no;no;si;si;no;yes;4;3;4;1;4;5;0;16;15;15
619;MS;M;18;U;mayor_3;J;3;3;servicios;servicios;otro;madre;2;2;0;no;si;no;no;si;si;yes;yes;4;3;2;1;3;3;6;13;12;13
620;MS;M;17;U;menor_e3;J;4;4;en_casa;en_casa;habilidad;madre;1;2;0;no;si;no;si;si;si;yes;yes;2;3;4;1;1;1;4;15;14;15
621;MS;M;17;R;mayor_3;J;1;2;otro;servicios;habilidad;padre;2;2;0;no;no;no;no;no;si;no;no;3;2;2;1;2;3;0;13;13;13
622;MS;H;18;R;mayor_3;J;1;3;en_casa;otro;habilidad;madre;2;2;0;no;si;si;no;si;si;no;no;3;3;4;2;4;3;0;8;10;9
623;MS;H;18;U;menor_e3;J;4;4;profesor;servicios;otro;madre;2;3;0;no;no;no;no;si;si;yes;yes;4;2;2;2;2;5;0;15;16;16
624;MS;M;17;R;mayor_3;J;1;1;otro;servicios;reputacion;madre;3;1;1;no;si;no;no;si;si;yes;yes;5;2;1;1;2;1;0;8;8;9
625;MS;M;18;U;mayor_3;J;2;3;en_casa;servicios;habilidad;padre;2;1;0;no;si;no;no;si;si;yes;yes;5;2;3;1;2;4;0;10;10;10
626;MS;M;18;R;mayor_3;J;4;4;otro;profesor;otro;padre;3;2;0;no;si;no;no;no;si;yes;yes;3;2;2;4;2;5;0;7;5;0
627;MS;H;18;R;menor_e3;J;1;2;en_casa;servicios;otro;padre;3;1;0;no;si;no;si;si;no;yes;yes;4;3;3;2;3;3;3;9;10;10
628;MS;M;17;U;mayor_3;J;2;2;otro;en_casa;recomendacion;madre;1;3;0;no;no;no;si;si;si;no;yes;3;4;3;1;1;3;8;10;11;12
629;MS;M;17;R;mayor_3;J;1;2;otro;otro;habilidad;madre;1;1;0;no;no;no;si;si;si;yes;no;3;5;5;1;3;1;4;7;8;9
630;MS;M;18;R;menor_e3;J;4;4;otro;otro;reputacion;madre;2;3;0;no;no;no;no;si;si;yes;no;5;4;4;1;1;1;0;15;17;17
631;MS;M;18;R;mayor_3;J;1;1;otro;otro;recomendacion;madre;4;3;0;no;no;no;no;si;si;yes;no;4;3;2;1;2;4;4;10;11;12
632;MS;M;19;R;mayor_3;J;1;1;en_casa;otro;habilidad;otro;2;2;1;no;si;no;no;si;si;yes;yes;4;3;3;1;1;3;4;7;8;9
633;MS;M;18;R;menor_e3;J;4;4;profesor;servicios;habilidad;madre;1;2;0;no;no;no;si;si;si;yes;no;5;4;3;3;4;2;1;13;14;14
634;MS;M;18;U;mayor_3;J;3;3;otro;otro;recomendacion;madre;1;2;0;no;no;no;no;si;si;yes;yes;4;1;3;1;2;1;1;16;16;16
635;MS;M;17;R;mayor_3;J;3;1;en_casa;otro;reputacion;madre;1;2;0;no;si;no;si;no;si;yes;no;4;5;4;2;3;1;10;8;9;9
636;MS;H;18;U;mayor_3;J;4;4;profesor;profesor;recomendacion;padre;1;2;0;no;no;no;si;no;si;yes;no;3;2;4;1;4;2;4;17;18;19
637;MS;H;18;R;mayor_3;J;2;1;otro;otro;otro;madre;2;1;0;no;no;no;si;no;si;yes;yes;4;4;3;1;3;5;0;7;7;0
638;MS;H;17;U;mayor_3;J;2;3;otro;servicios;recomendacion;padre;2;2;0;no;no;no;si;si;si;yes;no;4;4;3;1;1;3;4;14;15;16
639;MS;H;19;R;mayor_3;J;1;1;otro;servicios;otro;madre;2;1;1;no;no;no;no;si;si;no;no;4;3;2;1;3;5;0;5;8;0
640;MS;H;18;R;mayor_3;J;4;2;otro;otro;recomendacion;padre;2;1;1;no;no;si;no;si;si;no;no;5;4;3;4;3;3;0;7;7;0
641;MS;M;18;R;mayor_3;J;2;2;en_casa;otro;otro;madre;2;3;0;no;no;no;no;si;si;no;no;5;3;3;1;3;4;0;14;17;15
642;MS;M;17;U;mayor_3;J;4;3;profesor;otro;otro;madre;2;2;0;no;no;no;no;si;si;yes;no;5;5;4;1;1;1;0;6;9;11
643;MS;M;18;R;mayor_3;J;4;4;profesor;en_casa;reputacion;madre;3;1;0;no;si;no;si;si;si;yes;yes;4;4;3;2;2;5;4;7;9;10
644;MS;M;19;R;mayor_3;J;2;3;servicios;otro;habilidad;madre;1;3;1;no;no;no;si;no;si;yes;no;5;4;2;1;2;5;4;10;11;10
645;MS;M;18;U;menor_e3;J;3;1;profesor;servicios;habilidad;madre;1;2;0;no;si;no;no;si;si;yes;no;4;3;4;1;1;1;4;15;15;16
646;MS;M;18;U;mayor_3;J;1;1;otro;otro;habilidad;madre;2;2;0;no;no;no;si;si;si;no;no;1;1;1;1;1;5;6;11;12;9
647;MS;H;17;U;menor_e3;J;3;1;servicios;servicios;habilidad;madre;2;1;0;no;no;no;no;no;si;yes;no;2;4;5;3;4;2;6;10;10;10
648;MS;H;18;R;menor_e3;J;3;2;servicios;otro;habilidad;madre;3;1;0;no;no;no;no;no;si;yes;no;4;4;1;3;4;5;4;10;11;11
649;II;M;18;U;mayor_3;S;4;4;en_casa;profesor;habilidad;madre;2;2;0;si;no;no;no;si;si;no;no;4;3;4;1;1;3;4;0;11;11
650;MS;M;16;R;mayor_3;J;2;2;otro;otro;habilidad;madre;2;2;0;no;si;no;si;si;si;yes;no;4;4;4;1;1;5;0;12;12;12
