,departamento,sexo,edad,direccion,t_familia,padres_status,madre_edu,padre_edu,madre_trab,padre_trab,razon,guardian,t_examen,t_estudio,faltas,soporte_edu_extra,soporte_edu_fam,monitores,actividades_extra,preuniversitario,postgrado,internet,relacion_sen,relacion_fam,tiempo_libre,salir_amigos,cons_alcohol_sem,cons_alcohol_finde,salud,ausencias,nota_01,nota_02,nota_03
0,II,M,18,U,mayor_3,S,4,4,en_casa,profesor,habilidad,madre,2,2,0,si,no,no,no,si,si,no,no,4,3,4,1,1,3,6,5,6,6
1,II,M,17,U,mayor_3,J,1,1,en_casa,otro,habilidad,padre,1,2,0,no,si,no,no,no,si,yes,no,5,3,3,1,1,3,4,5,5,6
2,II,M,15,U,menor_e3,J,1,1,en_casa,otro,otro,madre,1,2,3,si,no,si,no,si,si,yes,no,4,3,2,2,3,3,10,7,8,10
3,II,M,15,U,mayor_3,J,4,2,salud,servicios,recomendacion,madre,1,3,0,no,si,si,si,si,si,yes,yes,3,2,2,1,1,5,2,15,14,15
4,II,M,16,U,mayor_3,J,3,3,otro,otro,recomendacion,padre,1,2,0,no,si,si,no,si,si,no,no,4,3,2,1,2,5,4,6,10,10
5,II,H,16,U,menor_e3,J,4,3,servicios,otro,reputacion,madre,1,2,0,no,si,si,si,si,si,yes,no,5,4,2,1,2,5,10,15,15,15
6,II,H,16,U,menor_e3,J,2,2,otro,otro,recomendacion,madre,1,2,0,no,no,no,no,si,si,yes,no,4,4,4,1,1,3,0,12,12,11
7,II,M,17,U,mayor_3,S,4,4,otro,profesor,recomendacion,madre,2,2,0,si,si,no,no,si,si,no,no,4,1,4,1,1,1,6,6,5,6
8,II,H,15,U,menor_e3,S,3,2,servicios,otro,recomendacion,madre,1,2,0,no,si,si,no,si,si,yes,no,4,2,2,1,1,1,0,16,18,19
9,II,H,15,U,mayor_3,J,3,4,otro,otro,recomendacion,madre,1,2,0,no,si,si,si,si,si,yes,no,5,5,1,1,1,5,0,14,15,15
10,II,M,15,U,mayor_3,J,4,4,profesor,salud,reputacion,madre,1,2,0,no,si,si,no,si,si,yes,no,3,3,3,1,2,2,0,10,8,9
11,II,M,15,U,mayor_3,J,2,1,servicios,otro,reputacion,padre,3,3,0,no,si,no,si,si,si,yes,no,5,2,2,1,1,4,4,10,12,12
12,II,H,15,U,menor_e3,J,4,4,salud,servicios,habilidad,padre,1,1,0,no,si,si,si,si,si,yes,no,4,3,3,1,3,5,2,14,14,14
13,II,H,15,U,mayor_3,J,4,3,profesor,otro,habilidad,madre,2,2,0,no,si,si,no,si,si,yes,no,5,4,3,1,2,3,2,10,10,11
14,II,H,15,U,mayor_3,S,2,2,otro,otro,recomendacion,otro,1,3,0,no,si,no,no,si,si,yes,yes,4,5,2,1,1,3,0,14,16,16
15,II,M,16,U,mayor_3,J,4,4,salud,otro,recomendacion,madre,1,1,0,no,si,no,no,si,si,yes,no,4,4,4,1,2,2,4,14,14,14
16,II,M,16,U,mayor_3,J,4,4,servicios,servicios,reputacion,madre,1,3,0,no,si,si,si,si,si,yes,no,3,2,3,1,2,2,6,13,14,14
17,II,M,16,U,mayor_3,J,3,3,otro,otro,reputacion,madre,3,2,0,si,si,no,si,si,si,no,no,5,3,2,1,1,4,4,8,10,10
18,II,H,17,U,mayor_3,J,3,2,servicios,servicios,habilidad,madre,1,1,3,no,si,no,si,si,si,yes,no,5,5,5,2,4,5,16,6,5,5
19,II,H,16,U,menor_e3,J,4,3,salud,otro,recomendacion,padre,1,1,0,no,no,si,si,si,si,yes,no,3,1,3,1,3,5,4,8,10,10
20,II,H,15,U,mayor_3,J,4,3,profesor,otro,reputacion,madre,1,2,0,no,no,no,no,si,si,yes,no,4,4,1,1,1,1,0,13,14,15
21,II,H,15,U,mayor_3,J,4,4,salud,salud,otro,padre,1,1,0,no,si,si,no,si,si,yes,no,5,4,2,1,1,5,0,12,15,15
22,II,H,16,U,menor_e3,J,4,2,profesor,otro,habilidad,madre,1,2,0,no,no,no,si,si,si,yes,no,4,5,1,1,3,5,2,15,15,16
23,II,H,16,U,menor_e3,J,2,2,otro,otro,reputacion,madre,2,2,0,no,si,no,si,si,si,yes,no,5,4,4,2,4,5,0,13,13,12
24,II,M,15,R,mayor_3,J,2,4,servicios,salud,habilidad,madre,1,3,0,si,si,si,si,si,si,yes,no,4,3,2,1,1,5,2,10,9,8
25,II,M,16,U,mayor_3,J,2,2,servicios,servicios,recomendacion,madre,1,1,2,no,si,si,no,no,si,yes,no,1,2,2,1,3,5,14,6,9,8
26,II,H,15,U,mayor_3,J,2,2,otro,otro,recomendacion,madre,1,1,0,no,si,si,no,si,si,yes,no,4,2,2,1,2,5,2,12,12,11
27,II,H,15,U,mayor_3,J,4,2,salud,servicios,otro,madre,1,1,0,no,no,si,no,si,si,yes,no,2,2,4,2,4,1,4,15,16,15
28,II,H,16,U,menor_e3,S,3,4,servicios,otro,recomendacion,madre,1,2,0,si,si,no,si,si,si,yes,no,5,3,3,1,1,5,4,11,11,11
29,II,H,16,U,mayor_3,J,4,4,profesor,profesor,recomendacion,madre,1,2,0,no,si,si,si,si,si,yes,yes,4,4,5,5,5,5,16,10,12,11
30,II,H,15,U,mayor_3,J,4,4,salud,servicios,recomendacion,madre,1,2,0,no,si,si,no,no,si,yes,no,5,4,2,3,4,5,0,9,11,12
31,II,H,15,U,mayor_3,J,4,4,servicios,servicios,reputacion,madre,2,2,0,no,si,no,si,si,si,yes,no,4,3,1,1,1,5,0,17,16,17
32,II,H,15,R,mayor_3,J,4,3,profesor,en_casa,habilidad,madre,1,2,0,no,si,no,si,si,si,yes,yes,4,5,2,1,1,5,0,17,16,16
33,II,H,15,U,menor_e3,J,3,3,otro,otro,habilidad,madre,1,2,0,no,no,no,si,no,si,yes,no,5,3,2,1,1,2,0,8,10,12
34,II,H,16,U,mayor_3,J,3,2,otro,otro,recomendacion,madre,1,1,0,no,si,si,no,no,si,yes,no,5,4,3,1,1,5,0,12,14,15
35,II,M,15,U,mayor_3,J,2,3,otro,otro,otro,padre,2,1,0,no,si,no,si,si,si,no,no,3,5,1,1,1,5,0,8,7,6
36,II,H,15,U,menor_e3,J,4,3,profesor,servicios,recomendacion,madre,1,3,0,no,si,no,si,si,si,yes,no,5,4,3,1,1,4,2,15,16,18
37,II,H,16,R,mayor_3,S,4,4,otro,profesor,reputacion,madre,2,3,0,no,si,no,si,si,si,yes,yes,2,4,3,1,1,5,7,15,16,15
38,II,M,15,R,mayor_3,J,3,4,servicios,salud,habilidad,madre,1,3,0,si,si,si,si,si,si,yes,no,4,3,2,1,1,5,2,12,12,11
39,II,M,15,R,mayor_3,J,2,2,en_casa,otro,reputacion,madre,1,1,0,si,si,si,si,si,si,no,no,4,3,1,1,1,2,8,14,13,13
40,II,M,16,U,menor_e3,J,2,2,otro,otro,recomendacion,madre,2,2,1,no,si,no,si,no,si,yes,yes,3,3,3,1,2,3,25,7,10,11
41,II,H,15,U,menor_e3,J,4,4,profesor,otro,recomendacion,otro,1,1,0,no,si,no,no,no,si,yes,yes,5,4,3,2,4,5,8,12,12,12
42,II,H,15,U,mayor_3,J,4,4,servicios,profesor,habilidad,padre,1,2,0,no,si,no,si,si,si,yes,no,4,3,3,1,1,5,2,19,18,18
43,II,H,15,U,mayor_3,J,2,2,servicios,servicios,habilidad,padre,1,1,0,si,si,no,no,si,si,yes,no,5,4,1,1,1,1,0,8,8,11
44,II,M,16,U,menor_e3,J,2,2,otro,en_casa,habilidad,padre,2,2,1,si,no,no,si,si,si,yes,no,4,3,3,2,2,5,14,10,10,9
45,II,M,15,U,menor_e3,S,4,3,otro,otro,habilidad,madre,1,2,0,si,si,si,si,si,si,yes,yes,5,2,2,1,1,5,8,8,8,6
46,II,M,16,U,menor_e3,S,3,3,otro,servicios,recomendacion,madre,1,2,0,no,si,no,no,si,si,yes,no,2,3,5,1,4,3,12,11,12,11
47,II,H,16,U,mayor_3,J,4,3,salud,servicios,reputacion,madre,1,4,0,no,no,no,si,si,si,yes,no,4,2,2,1,1,2,4,19,19,20
48,II,H,15,U,mayor_3,J,4,2,profesor,otro,recomendacion,madre,1,2,0,no,si,si,no,si,si,no,no,4,3,3,2,2,5,2,15,15,14
49,II,M,15,U,mayor_3,J,4,4,servicios,profesor,otro,padre,1,2,1,si,si,no,si,no,si,yes,no,4,4,4,1,1,3,2,7,7,7
50,II,M,16,U,menor_e3,J,2,2,servicios,servicios,habilidad,madre,3,2,0,no,si,si,no,si,si,yes,no,4,3,3,2,3,4,2,12,13,13
51,II,M,15,U,menor_e3,J,4,2,salud,otro,otro,madre,1,2,0,no,si,si,no,si,si,yes,no,4,3,3,1,1,5,2,11,13,13
52,II,H,15,U,menor_e3,S,4,2,salud,salud,otro,padre,2,1,1,no,no,no,no,si,si,no,no,5,5,5,3,4,5,6,11,11,10
53,II,M,15,U,mayor_3,J,4,4,servicios,servicios,habilidad,madre,1,1,0,si,si,si,no,si,si,yes,no,3,3,4,2,3,5,0,8,10,11
54,II,M,15,U,menor_e3,S,3,3,otro,otro,otro,madre,1,1,0,no,no,si,no,si,si,yes,no,5,3,4,4,4,1,6,10,13,13
55,II,M,16,U,mayor_3,S,2,1,otro,otro,otro,madre,1,2,0,no,no,si,si,si,si,yes,yes,5,3,4,1,1,2,8,8,9,10
56,II,M,15,U,mayor_3,S,4,3,servicios,servicios,reputacion,madre,1,2,0,no,si,si,si,si,si,yes,no,4,3,2,1,1,1,0,14,15,15
57,II,H,15,U,mayor_3,J,4,4,profesor,salud,reputacion,madre,1,2,0,no,si,no,si,si,si,no,no,3,2,2,1,1,5,4,14,15,15
58,II,H,15,U,menor_e3,J,1,2,otro,en_casa,recomendacion,padre,1,2,0,si,si,no,si,si,si,yes,no,4,3,2,1,1,5,2,9,10,9
59,II,M,16,U,mayor_3,J,4,2,servicios,otro,habilidad,madre,1,2,0,no,si,no,no,si,si,yes,no,4,2,3,1,1,5,2,15,16,16
60,II,M,16,R,mayor_3,J,4,4,salud,profesor,otro,madre,1,2,0,no,si,no,si,si,si,no,no,2,4,4,2,3,4,6,10,11,11
61,II,M,16,U,mayor_3,J,1,1,servicios,servicios,habilidad,padre,4,1,0,si,si,no,si,no,si,yes,yes,5,5,5,5,5,5,6,10,8,11
62,II,M,16,U,menor_e3,J,1,2,otro,servicios,reputacion,padre,1,2,0,si,no,no,si,si,si,yes,no,4,4,3,1,1,1,4,8,10,9
63,II,M,16,U,mayor_3,J,4,3,profesor,salud,recomendacion,madre,1,3,0,si,si,si,si,si,si,yes,no,3,4,4,2,4,4,2,10,9,9
64,II,M,15,U,menor_e3,J,4,3,servicios,servicios,reputacion,padre,1,2,0,si,no,no,si,si,si,yes,yes,4,4,4,2,4,2,0,10,10,10
65,II,M,16,U,menor_e3,J,4,3,profesor,servicios,habilidad,madre,3,2,0,no,si,no,si,si,si,yes,no,5,4,3,1,2,1,2,16,15,15
66,II,H,15,U,mayor_3,S,4,4,otro,servicios,reputacion,madre,1,4,0,no,si,no,si,no,si,yes,yes,1,3,3,5,5,3,4,13,13,12
67,II,M,16,U,mayor_3,J,3,1,servicios,otro,habilidad,madre,1,4,0,si,si,si,no,si,si,yes,no,4,3,3,1,2,5,4,7,7,6
68,II,M,15,R,menor_e3,J,2,2,salud,servicios,reputacion,madre,2,2,0,si,si,si,no,si,si,yes,no,4,1,3,1,3,4,2,8,9,8
69,II,M,15,R,menor_e3,J,3,1,otro,otro,reputacion,padre,2,4,0,no,si,no,no,no,si,yes,no,4,4,2,2,3,3,12,16,16,16
70,II,H,16,U,mayor_3,J,3,1,otro,otro,reputacion,padre,2,4,0,no,si,si,no,si,si,yes,no,4,3,2,1,1,5,0,13,15,15
71,II,H,15,U,mayor_3,J,4,2,otro,otro,habilidad,madre,1,4,0,no,no,no,no,si,si,yes,no,3,3,3,1,1,3,0,10,10,10
72,II,M,15,R,mayor_3,J,1,1,otro,otro,reputacion,madre,1,2,2,si,si,no,no,no,si,yes,yes,3,3,4,2,4,5,2,8,6,5
73,II,H,16,U,mayor_3,J,3,1,otro,otro,reputacion,madre,1,1,0,no,no,no,si,si,si,no,no,5,3,2,2,2,5,2,12,12,14
74,II,M,16,U,mayor_3,J,3,3,otro,servicios,recomendacion,madre,1,2,0,si,si,si,si,si,si,yes,no,4,3,3,2,4,5,54,11,12,11
75,II,H,15,U,mayor_3,J,4,3,profesor,otro,recomendacion,madre,1,2,0,no,si,si,si,si,si,yes,no,4,3,3,2,3,5,6,9,9,10
76,II,H,15,U,mayor_3,J,4,0,profesor,otro,habilidad,madre,2,4,0,no,no,no,si,si,si,yes,no,3,4,3,1,1,1,8,11,11,10
77,II,M,16,U,mayor_3,J,2,2,otro,otro,reputacion,madre,1,4,0,no,no,si,no,si,si,yes,yes,5,2,3,1,3,3,0,11,11,11
78,II,H,17,U,mayor_3,J,2,1,otro,otro,recomendacion,madre,2,1,3,si,si,no,si,si,no,yes,no,4,5,1,1,1,3,2,8,8,10
79,II,M,16,U,mayor_3,J,3,4,en_casa,otro,habilidad,madre,1,2,0,no,si,no,no,si,si,yes,no,2,4,3,1,2,3,12,5,5,5
80,II,H,15,U,mayor_3,J,2,3,otro,servicios,habilidad,padre,1,1,0,si,si,si,si,no,si,yes,yes,3,2,2,1,3,3,2,10,12,12
81,II,H,15,U,mayor_3,J,2,3,otro,otro,recomendacion,madre,1,3,0,si,no,si,no,no,si,yes,no,5,3,2,1,2,5,4,11,10,11
82,II,M,15,U,menor_e3,J,3,2,servicios,otro,reputacion,madre,1,2,0,no,si,si,no,si,si,yes,no,4,4,4,1,1,5,10,7,6,6
83,II,H,15,U,menor_e3,J,2,2,servicios,servicios,recomendacion,madre,2,2,0,no,no,si,si,si,si,yes,no,5,3,3,1,3,4,4,15,15,15
84,II,M,15,U,mayor_3,J,1,1,otro,otro,recomendacion,padre,1,2,0,no,si,no,si,no,si,yes,no,4,3,2,2,3,4,2,9,10,10
85,II,M,15,U,mayor_3,J,4,4,servicios,servicios,reputacion,padre,2,2,2,no,no,si,no,si,si,yes,yes,4,4,4,2,3,5,6,7,9,8
86,II,M,16,U,menor_e3,J,2,2,en_casa,otro,habilidad,madre,1,2,0,no,si,no,no,si,si,no,no,4,3,4,1,2,2,4,8,7,6
87,II,M,15,U,mayor_3,J,4,2,otro,otro,reputacion,madre,1,3,0,no,si,no,si,si,si,yes,no,5,3,3,1,3,1,4,13,14,14
88,II,H,16,U,mayor_3,J,2,2,servicios,otro,reputacion,padre,2,2,1,no,no,si,si,no,si,yes,no,4,4,2,1,1,3,12,11,10,10
89,II,H,16,U,menor_e3,S,4,4,profesor,salud,reputacion,madre,1,2,0,no,si,no,no,si,si,no,no,4,1,3,3,5,5,18,8,6,7
90,II,M,16,U,mayor_3,J,3,3,otro,otro,recomendacion,madre,1,3,0,no,si,si,no,si,si,yes,yes,4,3,3,1,3,4,0,7,7,8
91,II,M,15,U,mayor_3,J,4,3,servicios,otro,reputacion,madre,1,1,0,no,no,si,si,si,si,yes,no,4,5,5,1,3,1,4,16,17,18
92,II,M,16,U,menor_e3,J,3,1,otro,otro,recomendacion,padre,1,2,0,si,si,no,no,si,si,no,no,3,3,3,2,3,2,4,7,6,6
93,II,M,16,U,mayor_3,J,4,2,profesor,servicios,recomendacion,madre,2,2,0,no,si,si,si,si,si,yes,no,5,3,3,1,1,1,0,11,10,10
94,II,H,15,U,menor_e3,J,2,2,servicios,salud,reputacion,madre,1,4,0,no,si,no,si,si,si,yes,no,4,3,4,1,1,4,6,11,13,14
95,II,M,15,R,mayor_3,J,1,1,en_casa,otro,recomendacion,madre,2,4,1,si,si,si,si,si,si,yes,no,3,1,2,1,1,1,2,7,10,10
96,II,H,16,R,mayor_3,J,4,3,servicios,otro,reputacion,madre,2,1,0,si,si,no,si,no,si,yes,no,3,3,3,1,1,4,2,11,15,15
97,II,M,16,U,mayor_3,J,2,1,otro,otro,habilidad,madre,1,2,0,no,si,si,no,si,si,no,yes,4,3,5,1,1,5,2,8,9,10
98,II,M,16,U,mayor_3,J,4,4,otro,otro,reputacion,madre,1,1,0,no,no,no,si,no,si,yes,no,5,3,4,1,2,1,6,11,14,14
99,II,M,16,U,mayor_3,J,4,3,otro,en_casa,habilidad,madre,1,3,0,si,si,si,no,si,si,yes,no,5,3,5,1,1,3,0,7,9,8
100,II,H,16,U,mayor_3,J,4,4,servicios,servicios,otro,madre,1,1,0,si,si,si,si,si,si,yes,no,4,5,5,5,5,4,14,7,7,5
101,II,H,16,U,mayor_3,J,4,4,servicios,profesor,otro,padre,1,3,0,no,si,no,si,si,si,yes,yes,4,4,3,1,1,4,0,16,17,17
102,II,H,15,U,mayor_3,J,4,4,servicios,otro,habilidad,madre,1,1,0,no,si,no,si,no,si,yes,no,5,3,3,1,1,5,4,10,13,14
103,II,M,15,U,mayor_3,J,3,2,servicios,otro,recomendacion,madre,2,2,0,si,si,si,no,si,si,yes,no,4,3,5,1,1,2,26,7,6,6
104,II,H,15,U,mayor_3,S,3,4,servicios,otro,habilidad,madre,1,2,0,no,si,si,si,si,si,yes,no,5,4,4,1,1,1,0,16,18,18
105,II,M,15,U,mayor_3,S,3,3,otro,salud,reputacion,padre,1,4,0,si,no,no,no,si,si,no,no,4,3,3,1,1,4,10,10,11,11
106,II,M,15,U,mayor_3,J,2,2,otro,otro,habilidad,madre,1,4,0,si,si,si,no,si,si,yes,no,5,1,2,1,1,3,8,7,8,8
107,II,H,16,U,mayor_3,J,3,3,servicios,otro,recomendacion,padre,1,3,0,no,si,no,si,si,si,yes,no,5,3,3,1,1,5,2,16,18,18
108,II,H,15,R,mayor_3,J,4,4,otro,otro,recomendacion,padre,4,4,0,no,si,si,si,si,si,yes,yes,1,3,5,3,5,1,6,10,13,13
109,II,M,16,U,menor_e3,J,4,4,salud,salud,otro,madre,1,3,0,no,si,si,si,si,si,yes,yes,5,4,5,1,1,4,4,14,15,16
110,II,H,15,U,menor_e3,S,4,4,profesor,profesor,habilidad,madre,1,1,0,no,no,no,si,si,si,yes,no,5,5,3,1,1,4,6,18,19,19
111,II,M,16,R,mayor_3,J,3,3,servicios,otro,reputacion,padre,1,3,1,si,si,no,si,si,si,yes,no,4,1,2,1,1,2,0,7,10,10
112,II,M,16,U,mayor_3,J,2,2,en_casa,otro,recomendacion,madre,1,2,1,si,no,no,si,si,si,yes,no,3,1,2,1,1,5,6,10,13,13
113,II,H,15,U,menor_e3,J,4,2,profesor,otro,habilidad,madre,1,1,0,no,no,no,no,si,si,yes,no,3,5,2,1,1,3,10,18,19,19
114,II,H,15,R,mayor_3,J,2,1,salud,servicios,reputacion,madre,1,2,0,no,no,no,si,si,si,yes,yes,5,4,2,1,1,5,8,9,9,9
115,II,H,16,U,mayor_3,J,4,4,profesor,profesor,habilidad,padre,1,2,0,no,si,no,si,si,si,yes,no,5,4,4,1,2,5,2,15,15,16
116,II,H,15,U,mayor_3,J,4,4,otro,profesor,reputacion,padre,2,2,0,no,si,no,si,si,si,no,no,4,4,3,1,1,2,2,11,13,14
117,II,H,16,U,mayor_3,J,3,3,otro,servicios,recomendacion,padre,2,1,0,no,no,no,si,si,si,yes,no,5,4,2,1,1,5,0,13,14,13
118,II,H,17,R,mayor_3,J,1,3,otro,otro,habilidad,padre,3,2,1,no,si,no,si,si,si,yes,no,5,2,4,1,4,5,20,9,7,8
119,II,H,15,U,mayor_3,J,3,4,otro,otro,reputacion,padre,1,1,0,no,no,no,no,si,si,yes,no,3,4,3,1,2,4,6,14,13,13
120,II,M,15,U,mayor_3,J,1,2,en_casa,servicios,habilidad,madre,1,2,0,no,no,no,no,no,si,yes,no,3,2,3,1,2,1,2,16,15,15
121,II,H,15,U,mayor_3,J,2,2,servicios,servicios,recomendacion,padre,1,4,0,no,si,si,si,si,si,yes,no,5,5,4,1,2,5,6,16,14,15
122,II,M,16,U,menor_e3,J,2,4,otro,salud,habilidad,padre,2,2,0,no,si,si,si,si,si,yes,yes,4,2,2,1,2,5,2,13,13,13
123,II,H,16,U,mayor_3,J,4,4,salud,otro,habilidad,madre,1,1,0,no,si,no,si,si,si,yes,no,3,4,4,1,4,5,18,14,11,13
124,II,M,16,U,mayor_3,J,2,2,otro,otro,recomendacion,madre,1,2,0,no,no,si,no,si,si,yes,yes,5,4,4,1,1,5,0,8,7,8
125,II,H,15,U,mayor_3,J,3,4,servicios,servicios,recomendacion,padre,1,1,0,si,no,no,no,si,si,yes,no,5,5,5,3,2,5,0,13,13,12
126,II,M,15,U,menor_e3,S,3,4,otro,otro,recomendacion,madre,1,2,0,si,no,no,si,si,si,yes,yes,5,3,2,1,1,1,0,7,10,11
127,II,M,19,U,mayor_3,J,0,1,en_casa,otro,habilidad,otro,1,2,3,no,si,no,no,no,no,no,no,3,4,2,1,1,5,2,7,8,9
128,II,H,18,R,mayor_3,J,2,2,servicios,otro,reputacion,madre,1,1,2,no,si,no,si,si,si,yes,no,3,3,3,1,2,4,0,7,4,0
129,II,H,16,R,mayor_3,J,4,4,profesor,profesor,habilidad,madre,1,1,0,no,no,si,si,si,si,yes,no,3,5,5,2,5,4,8,18,18,18
130,II,M,15,R,mayor_3,J,3,4,servicios,profesor,habilidad,padre,2,3,2,no,si,no,no,si,si,yes,yes,4,2,2,2,2,5,0,12,0,0
131,II,M,15,U,mayor_3,J,1,1,en_casa,otro,habilidad,madre,3,1,0,no,si,no,si,no,si,yes,yes,4,3,3,1,2,4,0,8,0,0
132,II,M,17,U,menor_e3,J,2,2,otro,otro,habilidad,padre,1,1,0,no,si,no,no,si,si,yes,yes,3,4,4,1,3,5,12,10,13,12
133,II,M,16,U,mayor_3,S,3,4,servicios,otro,habilidad,padre,1,1,0,no,no,no,no,si,si,yes,no,3,2,1,1,4,5,16,12,11,11
134,II,H,15,R,mayor_3,J,3,4,en_casa,profesor,habilidad,madre,4,2,0,no,si,no,no,si,si,no,yes,5,3,3,1,1,5,0,9,0,0
135,II,M,15,U,mayor_3,J,4,4,servicios,en_casa,habilidad,madre,1,3,0,no,si,no,si,si,si,yes,yes,4,3,3,1,1,5,0,11,0,0
136,II,H,17,R,mayor_3,J,3,4,en_casa,otro,habilidad,madre,3,2,0,no,no,no,no,si,si,no,no,5,4,5,2,4,5,0,10,0,0
137,II,M,16,U,mayor_3,S,3,3,otro,otro,habilidad,otro,2,1,2,no,si,no,si,no,si,yes,yes,4,3,2,1,1,5,0,4,0,0
138,II,H,16,U,menor_e3,J,1,1,servicios,otro,habilidad,madre,1,2,1,no,no,no,no,si,si,no,yes,4,4,4,1,3,5,0,14,12,12
139,II,M,15,U,mayor_3,J,4,4,profesor,profesor,habilidad,madre,2,1,0,no,no,no,si,si,si,yes,no,4,3,2,1,1,5,0,16,16,15
140,II,H,15,U,mayor_3,J,4,3,profesor,servicios,habilidad,padre,2,4,0,si,si,no,no,si,si,yes,no,2,2,2,1,1,3,0,7,9,0
141,II,H,16,U,menor_e3,J,2,2,servicios,servicios,reputacion,padre,2,1,2,no,si,no,si,si,si,yes,no,2,3,3,2,2,2,8,9,9,9
142,II,M,15,U,mayor_3,J,4,4,profesor,servicios,habilidad,madre,1,3,0,no,si,si,si,si,si,yes,no,4,2,2,1,1,5,2,9,11,11
143,II,M,16,U,menor_e3,J,1,1,en_casa,en_casa,habilidad,madre,1,1,0,no,no,no,no,si,si,yes,no,3,4,4,3,3,1,2,14,14,13
144,II,H,17,U,mayor_3,J,2,1,otro,otro,recomendacion,madre,1,1,3,no,si,no,no,si,si,yes,no,5,4,5,1,2,5,0,5,0,0
145,II,M,15,U,mayor_3,J,1,1,otro,servicios,habilidad,padre,1,2,0,no,si,si,no,si,si,yes,no,4,4,2,1,2,5,0,8,11,11
146,II,M,15,U,mayor_3,J,3,2,salud,servicios,recomendacion,padre,1,2,3,no,si,no,no,si,si,yes,no,3,3,2,1,1,3,0,6,7,0
147,II,M,15,U,mayor_3,J,1,2,en_casa,otro,habilidad,madre,1,2,0,no,si,si,no,no,si,yes,no,4,3,2,1,1,5,2,10,11,11
148,II,H,16,U,mayor_3,J,4,4,profesor,profesor,habilidad,madre,1,1,0,no,si,no,no,si,no,yes,yes,3,3,2,2,1,5,0,7,6,0
149,II,H,15,U,menor_e3,S,2,1,servicios,otro,habilidad,madre,4,1,3,no,no,no,no,si,si,yes,no,4,5,5,2,5,5,0,8,9,10
150,II,H,18,U,menor_e3,J,1,1,otro,otro,habilidad,madre,1,1,3,no,no,no,no,si,no,yes,yes,2,3,5,2,5,4,0,6,5,0
151,II,H,16,U,menor_e3,J,2,1,en_casa,otro,habilidad,madre,1,1,1,no,no,no,si,si,si,no,yes,4,4,4,3,5,5,6,12,13,14
152,II,M,15,R,mayor_3,J,3,3,servicios,servicios,reputacion,otro,2,3,2,no,si,si,si,si,si,yes,yes,4,2,1,2,3,3,8,10,10,10
153,II,H,19,U,mayor_3,J,3,2,servicios,en_casa,recomendacion,madre,1,1,3,no,si,no,no,si,no,yes,yes,4,5,4,1,1,4,0,5,0,0
154,II,M,17,U,mayor_3,J,4,4,otro,profesor,habilidad,madre,1,1,0,si,si,no,no,si,si,no,yes,4,2,1,1,1,4,0,11,11,12
155,II,H,15,R,mayor_3,J,2,3,en_casa,servicios,habilidad,madre,1,2,0,si,no,si,si,si,si,no,no,4,4,4,1,1,1,2,11,8,8
156,II,H,17,R,menor_e3,J,1,2,otro,otro,reputacion,madre,1,1,0,no,no,no,no,si,si,no,no,2,2,2,3,3,5,8,16,12,13
157,II,M,18,R,mayor_3,J,1,1,en_casa,otro,habilidad,madre,3,1,3,no,si,no,si,no,si,no,no,5,2,5,1,5,4,6,9,8,10
158,II,H,16,R,mayor_3,J,2,2,en_casa,otro,habilidad,madre,3,1,0,no,no,no,no,no,si,no,no,4,2,2,1,2,3,2,17,15,15
159,II,H,16,U,mayor_3,J,3,3,otro,servicios,habilidad,padre,1,2,1,no,si,si,no,si,si,yes,yes,4,5,5,4,4,5,4,10,12,12
160,II,H,17,R,menor_e3,J,2,1,en_casa,otro,habilidad,madre,2,1,2,no,no,no,si,si,no,yes,yes,3,3,2,2,2,5,0,7,6,0
161,II,H,15,R,mayor_3,J,3,2,otro,otro,habilidad,madre,2,2,2,si,si,no,no,si,si,yes,yes,4,4,4,1,4,3,6,5,9,7
162,II,H,16,U,menor_e3,J,1,2,otro,otro,habilidad,madre,2,1,1,no,no,no,si,si,si,no,no,4,4,4,2,4,5,0,7,0,0
163,II,H,17,U,mayor_3,J,1,3,en_casa,servicios,habilidad,padre,1,1,0,no,no,no,no,si,no,yes,no,5,3,3,1,4,2,2,10,10,10
164,II,H,17,R,menor_e3,J,1,1,otro,servicios,habilidad,madre,4,2,3,no,no,no,si,si,no,no,yes,5,3,5,1,5,5,0,5,8,7
165,II,H,16,U,mayor_3,J,3,2,servicios,servicios,habilidad,madre,2,1,1,no,si,no,si,no,no,no,no,4,5,2,1,1,2,16,12,11,12
166,II,H,16,U,mayor_3,J,2,2,otro,otro,habilidad,padre,1,2,0,no,no,no,no,si,no,yes,no,4,3,5,2,4,4,4,10,10,10
167,II,M,16,U,mayor_3,J,4,2,salud,servicios,recomendacion,padre,1,2,0,no,no,si,no,si,si,yes,yes,4,2,3,1,1,3,0,14,15,16
168,II,M,16,U,mayor_3,J,2,2,otro,otro,recomendacion,madre,1,2,0,no,si,si,no,no,si,yes,no,5,1,5,1,1,4,0,6,7,0
169,II,M,16,U,mayor_3,J,4,4,salud,salud,reputacion,madre,1,2,0,no,si,si,no,si,si,yes,yes,4,4,2,1,1,3,0,14,14,14
170,II,H,16,U,mayor_3,J,3,4,otro,otro,habilidad,padre,3,1,2,no,si,no,si,no,si,yes,no,3,4,5,2,4,2,0,6,5,0
171,II,H,16,U,mayor_3,J,1,0,otro,otro,reputacion,madre,2,2,0,no,si,si,si,si,si,yes,yes,4,3,2,1,1,3,2,13,15,16
172,II,H,17,U,menor_e3,J,4,4,profesor,otro,reputacion,madre,1,2,0,no,si,si,si,si,si,yes,no,4,4,4,1,3,5,0,13,11,10
173,II,M,16,U,mayor_3,J,1,3,en_casa,servicios,recomendacion,madre,1,2,3,no,no,no,si,no,si,yes,yes,4,3,5,1,1,3,0,8,7,0
174,II,M,16,U,menor_e3,J,3,3,otro,otro,reputacion,madre,2,2,0,no,si,si,si,si,si,yes,no,4,4,5,1,1,4,4,10,11,9
175,II,H,17,U,menor_e3,J,4,3,profesor,otro,habilidad,madre,2,2,0,no,no,si,si,si,si,yes,no,4,4,4,4,4,4,4,10,9,9
176,II,M,16,U,mayor_3,J,2,2,servicios,otro,reputacion,madre,2,2,0,no,no,si,si,no,si,yes,no,3,4,4,1,4,5,2,13,13,11
177,II,H,17,U,mayor_3,J,3,3,otro,otro,reputacion,padre,1,2,0,no,no,no,si,no,si,yes,no,4,3,4,1,4,4,4,6,5,6
178,II,H,16,R,mayor_3,J,4,2,profesor,servicios,otro,madre,1,1,0,no,si,no,si,si,si,yes,yes,4,3,3,3,4,3,10,10,8,9
179,II,H,17,U,mayor_3,J,4,3,otro,otro,habilidad,madre,1,2,0,no,si,no,si,si,si,yes,yes,5,2,3,1,1,2,4,10,10,11
180,II,H,16,U,mayor_3,J,4,3,profesor,otro,recomendacion,madre,1,2,0,no,si,si,si,si,si,yes,no,3,4,3,2,3,3,10,9,8,8
181,II,H,16,U,mayor_3,J,3,3,servicios,otro,recomendacion,madre,1,2,0,no,no,si,si,si,si,yes,yes,4,2,3,1,2,3,2,12,13,12
182,II,M,17,U,mayor_3,J,2,4,servicios,servicios,reputacion,padre,1,2,0,no,si,no,si,si,si,no,no,5,4,2,2,3,5,0,16,17,17
183,II,M,17,U,menor_e3,J,3,3,otro,otro,reputacion,madre,1,2,0,no,si,no,si,si,si,yes,yes,5,3,3,2,3,1,56,9,9,8
184,II,M,16,U,mayor_3,J,3,2,otro,otro,reputacion,madre,1,2,0,no,si,si,no,si,si,yes,no,1,2,2,1,2,1,14,12,13,12
185,II,H,17,U,mayor_3,J,3,3,servicios,servicios,otro,madre,1,2,0,no,si,no,si,si,si,yes,yes,4,3,4,2,3,4,12,12,12,11
186,II,H,16,U,mayor_3,J,1,2,servicios,servicios,otro,madre,1,1,0,no,si,si,si,si,si,yes,yes,3,3,3,1,2,3,2,11,12,11
187,II,H,16,U,menor_e3,J,2,1,otro,otro,habilidad,madre,1,2,0,no,no,si,si,si,si,yes,yes,4,2,3,1,2,5,0,15,15,15
188,II,M,17,U,mayor_3,S,3,3,salud,otro,reputacion,madre,1,2,0,no,si,no,no,no,si,yes,yes,3,3,3,1,3,3,6,8,7,9
189,II,H,17,R,mayor_3,J,1,2,en_casa,otro,recomendacion,madre,1,2,0,no,no,no,no,si,si,no,no,3,1,3,1,5,3,4,8,9,10
190,II,M,16,U,mayor_3,J,2,3,servicios,servicios,habilidad,madre,1,2,0,no,no,no,no,si,si,yes,no,4,3,3,1,1,2,10,11,12,13
191,II,M,17,U,mayor_3,J,1,1,en_casa,servicios,habilidad,madre,1,2,0,no,no,no,si,si,si,yes,no,5,3,3,1,1,3,0,8,8,9
192,II,H,17,U,mayor_3,J,1,2,en_casa,servicios,otro,otro,2,2,0,no,no,si,si,no,si,yes,no,4,4,4,4,5,5,12,7,8,8
193,II,H,16,R,mayor_3,J,3,3,servicios,servicios,reputacion,madre,1,1,0,no,si,no,si,si,si,yes,no,4,3,2,3,4,5,8,8,9,10
194,II,H,16,U,mayor_3,J,2,3,otro,otro,recomendacion,padre,2,1,0,no,no,no,no,si,si,yes,no,5,3,3,1,1,3,0,13,14,14
195,II,M,17,U,menor_e3,J,2,4,servicios,servicios,habilidad,padre,1,2,0,no,no,no,si,si,si,yes,yes,4,3,2,1,1,5,0,14,15,15
196,II,H,17,U,mayor_3,J,4,4,servicios,profesor,recomendacion,madre,1,1,0,no,no,no,no,si,si,yes,no,5,2,3,1,2,5,4,17,15,16
197,II,H,16,R,menor_e3,J,3,3,profesor,otro,recomendacion,padre,3,1,0,no,si,si,si,si,si,yes,no,3,3,4,3,5,3,8,9,9,10
198,II,M,17,U,mayor_3,J,4,4,servicios,profesor,recomendacion,madre,2,1,1,no,si,no,no,si,si,yes,no,4,2,4,2,3,2,24,18,18,18
199,II,M,16,U,menor_e3,J,4,4,profesor,profesor,reputacion,madre,1,2,0,no,si,si,no,si,si,yes,no,4,5,2,1,2,3,0,9,9,10
200,II,M,16,U,mayor_3,J,4,3,salud,otro,recomendacion,madre,1,2,0,no,si,no,si,si,si,yes,no,4,3,5,1,5,2,2,16,16,16
201,II,M,16,U,mayor_3,J,2,3,otro,otro,reputacion,madre,1,2,0,si,si,si,si,si,si,no,no,4,4,3,1,3,4,6,8,10,10
202,II,M,17,U,mayor_3,J,1,1,otro,otro,habilidad,madre,1,2,0,no,si,si,no,no,si,no,no,4,4,4,1,3,1,4,9,9,10
203,II,M,17,R,mayor_3,J,2,2,otro,otro,reputacion,madre,1,1,0,no,si,no,no,si,si,yes,no,5,3,2,1,2,3,18,7,6,6
204,II,M,16,R,mayor_3,J,2,2,servicios,servicios,reputacion,madre,2,4,0,no,si,si,si,no,si,yes,no,5,3,5,1,1,5,6,10,10,11
205,II,M,17,U,mayor_3,J,3,4,en_casa,servicios,recomendacion,madre,1,3,1,no,si,si,no,si,si,yes,yes,4,4,3,3,4,5,28,10,9,9
206,II,M,16,U,mayor_3,S,3,1,servicios,otro,habilidad,madre,1,2,3,no,si,si,no,si,si,yes,no,2,3,3,2,2,4,5,7,7,7
207,II,M,16,U,mayor_3,J,4,3,profesor,otro,otro,madre,1,2,0,no,no,si,si,si,si,yes,yes,1,3,2,1,1,1,10,11,12,13
208,II,M,16,U,mayor_3,J,1,1,en_casa,otro,recomendacion,madre,2,1,0,no,si,si,no,si,si,no,no,4,3,2,1,4,5,6,9,9,10
209,II,M,17,R,mayor_3,J,4,3,profesor,otro,reputacion,madre,2,3,0,no,si,si,si,si,si,yes,yes,4,4,2,1,1,4,6,7,7,7
210,II,M,19,U,mayor_3,J,3,3,otro,otro,reputacion,otro,1,4,0,no,si,si,si,si,si,yes,no,4,3,3,1,2,3,10,8,8,8
211,II,H,17,U,menor_e3,J,4,4,servicios,otro,recomendacion,madre,1,2,0,no,si,si,no,si,si,yes,yes,5,3,5,4,5,3,13,12,12,13
212,II,M,16,U,mayor_3,S,2,2,otro,otro,reputacion,madre,1,2,0,si,si,si,no,si,si,yes,no,3,3,4,1,1,4,0,12,13,14
213,II,H,18,U,mayor_3,J,2,2,servicios,otro,recomendacion,madre,1,2,1,no,si,si,si,si,si,yes,no,4,4,4,2,4,5,15,6,7,8
214,II,M,17,R,menor_e3,J,4,4,servicios,otro,otro,madre,1,1,0,no,si,si,no,si,si,no,no,5,2,1,1,2,3,12,8,10,10
215,II,M,17,U,menor_e3,J,3,2,otro,otro,reputacion,madre,2,2,0,no,no,si,no,si,si,yes,no,4,4,4,1,3,1,2,14,15,15
216,II,M,17,U,mayor_3,J,4,3,otro,otro,reputacion,madre,1,2,2,no,no,si,no,si,si,yes,yes,3,4,5,2,4,1,22,6,6,4
217,II,H,18,U,menor_e3,J,3,3,servicios,salud,recomendacion,padre,1,2,1,no,si,si,no,si,si,yes,no,3,2,4,2,4,4,13,6,6,8
218,II,M,17,U,mayor_3,J,2,3,en_casa,otro,recomendacion,padre,2,1,0,no,si,si,no,si,si,no,no,3,3,3,1,4,3,3,7,7,8
219,II,M,17,U,mayor_3,J,2,2,en_casa,en_casa,habilidad,madre,1,3,0,no,si,si,si,si,si,yes,no,4,3,3,1,1,4,4,9,10,10
220,II,M,17,R,mayor_3,J,2,1,en_casa,servicios,reputacion,madre,2,2,0,no,si,no,si,si,si,yes,no,4,2,5,1,2,5,2,6,6,6
221,II,M,17,U,mayor_3,J,1,1,en_casa,otro,reputacion,madre,1,3,1,no,si,no,si,si,si,no,yes,4,3,4,1,1,5,0,6,5,0
222,II,M,16,U,mayor_3,J,2,3,servicios,profesor,otro,madre,1,2,0,si,no,no,no,si,si,yes,no,2,3,1,1,1,3,2,16,16,17
223,II,H,18,U,mayor_3,J,2,2,otro,otro,recomendacion,madre,2,2,0,no,si,si,no,si,si,yes,no,3,3,3,5,5,4,0,12,13,13
224,II,M,16,U,mayor_3,J,4,4,profesor,servicios,recomendacion,madre,1,3,0,no,si,no,si,no,si,yes,no,5,3,2,1,1,5,0,13,13,14
225,II,M,18,R,mayor_3,J,3,1,otro,otro,reputacion,madre,1,2,1,no,no,no,si,si,si,yes,yes,5,3,3,1,1,4,16,9,8,7
226,II,M,17,U,mayor_3,J,3,2,otro,otro,habilidad,madre,1,2,0,no,no,no,si,no,si,yes,no,5,3,4,1,3,3,10,16,15,15
227,II,H,17,U,menor_e3,J,2,3,servicios,servicios,reputacion,padre,1,2,0,no,si,si,no,no,si,yes,no,5,3,3,1,3,3,2,12,11,12
228,II,H,18,U,menor_e3,J,2,1,en_casa,otro,habilidad,madre,4,2,0,si,si,si,si,si,si,yes,yes,4,3,2,4,5,3,14,10,8,9
229,II,M,17,U,mayor_3,S,2,1,otro,otro,habilidad,madre,2,3,0,no,no,no,si,si,si,yes,yes,3,2,3,1,2,3,10,12,10,12
230,II,M,17,U,menor_e3,J,4,3,salud,otro,reputacion,padre,1,2,0,no,no,no,si,si,si,yes,yes,3,2,3,1,2,3,14,13,13,14
231,II,H,17,R,mayor_3,J,2,2,otro,otro,habilidad,padre,2,2,0,no,si,si,si,si,si,yes,no,4,5,2,1,1,1,4,11,11,11
232,II,H,17,U,mayor_3,J,4,4,profesor,profesor,reputacion,madre,1,2,0,si,si,no,si,si,si,yes,yes,4,5,5,1,3,2,14,11,9,9
233,II,H,16,U,mayor_3,J,4,4,salud,otro,reputacion,padre,1,2,0,no,si,si,si,si,si,yes,no,4,2,4,2,4,1,2,14,13,13
234,II,H,16,U,menor_e3,J,1,1,otro,otro,recomendacion,madre,2,2,0,no,si,si,no,si,si,yes,no,3,4,2,1,1,5,18,9,7,6
235,II,H,16,U,mayor_3,J,3,2,en_casa,otro,reputacion,madre,2,3,0,no,no,no,si,si,si,yes,yes,5,3,3,1,3,2,10,11,9,10
236,II,H,17,U,menor_e3,J,2,2,otro,otro,recomendacion,padre,1,2,0,no,no,si,si,no,si,yes,yes,4,4,2,5,5,4,4,14,13,13
237,II,M,16,U,mayor_3,J,2,1,otro,otro,recomendacion,madre,1,1,0,no,no,no,no,si,si,yes,yes,4,5,2,1,1,5,20,13,12,12
238,II,M,17,R,mayor_3,J,2,1,en_casa,servicios,habilidad,madre,3,2,0,no,no,no,si,si,si,no,no,2,1,1,1,1,3,2,13,11,11
239,II,H,18,U,mayor_3,J,2,2,otro,servicios,reputacion,padre,1,2,1,no,no,no,no,si,no,yes,no,5,5,4,3,5,2,0,7,7,0
240,II,H,17,U,menor_e3,J,4,3,salud,otro,habilidad,madre,2,2,0,no,no,no,si,si,si,yes,yes,2,5,5,1,4,5,14,12,12,12
241,II,H,17,R,menor_e3,S,4,4,profesor,otro,habilidad,madre,2,2,0,no,si,si,no,si,si,yes,no,3,3,3,2,3,4,2,10,11,12
242,II,H,16,U,menor_e3,J,4,3,profesor,otro,habilidad,madre,1,1,0,no,no,no,si,no,si,yes,no,5,4,5,1,1,3,0,6,0,0
243,II,H,16,U,mayor_3,J,4,4,servicios,servicios,habilidad,madre,1,1,0,no,no,no,si,si,si,yes,no,5,3,2,1,2,5,0,13,12,12
244,II,M,18,U,mayor_3,J,2,1,otro,otro,habilidad,otro,2,3,0,no,si,si,no,no,si,yes,yes,4,4,4,1,1,3,0,7,0,0
245,II,H,16,U,mayor_3,J,2,1,otro,otro,habilidad,madre,3,1,0,no,no,no,no,si,si,yes,no,4,3,3,1,1,4,6,18,18,18
246,II,H,17,U,mayor_3,J,2,3,otro,otro,habilidad,padre,2,1,0,no,no,no,no,si,si,yes,no,5,2,2,1,1,2,4,12,12,13
247,II,H,22,U,mayor_3,J,3,1,servicios,servicios,otro,madre,1,1,3,no,no,no,no,no,no,yes,yes,5,4,5,5,5,1,16,6,8,8
248,II,H,18,R,menor_e3,J,3,3,otro,servicios,habilidad,madre,1,2,1,no,si,no,no,si,si,yes,yes,4,3,3,1,3,5,8,3,5,5
249,II,H,16,U,mayor_3,J,0,2,otro,otro,otro,madre,1,1,0,no,no,si,no,no,si,yes,no,4,3,2,2,4,5,0,13,15,15
250,II,H,18,U,mayor_3,J,3,2,servicios,otro,habilidad,madre,2,1,1,no,no,no,no,si,no,yes,no,4,4,5,2,4,5,0,6,8,8
251,II,H,16,U,mayor_3,J,3,3,en_casa,otro,reputacion,otro,3,2,0,si,si,no,no,no,si,yes,no,5,3,3,1,3,2,6,7,10,10
252,II,H,18,U,mayor_3,J,2,1,servicios,servicios,otro,madre,1,1,1,no,no,no,no,no,no,yes,no,3,2,5,2,5,5,4,6,9,8
253,II,H,16,R,mayor_3,J,2,1,otro,otro,habilidad,madre,2,1,0,no,no,no,si,no,si,no,no,3,3,2,1,3,3,0,8,9,8
254,II,H,17,R,mayor_3,J,2,1,otro,otro,habilidad,madre,1,1,0,no,no,no,no,no,si,yes,no,4,4,2,2,4,5,0,8,12,12
255,II,H,17,U,menor_e3,J,1,1,salud,otro,habilidad,madre,2,1,1,no,si,no,si,si,si,yes,no,4,4,4,1,2,5,2,7,9,8
256,II,M,17,U,menor_e3,J,4,2,profesor,servicios,reputacion,madre,1,4,0,no,si,si,si,si,si,yes,no,4,2,3,1,1,4,6,14,12,13
257,II,H,19,U,menor_e3,S,4,3,servicios,en_casa,reputacion,madre,1,2,0,no,si,no,no,si,si,yes,no,4,3,1,1,1,1,12,11,11,11
258,II,H,18,U,mayor_3,J,2,1,otro,otro,recomendacion,madre,1,2,0,no,no,no,si,si,si,yes,no,5,2,4,1,2,4,8,15,14,14
259,II,M,17,U,menor_e3,J,2,2,servicios,servicios,habilidad,padre,1,4,0,no,no,si,si,si,si,yes,yes,3,4,1,1,1,2,0,10,9,0
260,II,M,18,U,mayor_3,J,4,3,servicios,otro,recomendacion,padre,1,2,0,no,si,si,no,si,si,yes,yes,3,1,2,1,3,2,21,17,18,18
261,II,H,18,U,mayor_3,J,4,3,profesor,otro,habilidad,madre,1,2,0,no,si,si,no,no,si,yes,no,4,3,2,1,1,3,2,8,8,8
262,II,H,18,R,mayor_3,J,3,2,otro,otro,habilidad,madre,1,3,0,no,no,no,si,no,si,no,no,5,3,2,1,1,3,1,13,12,12
263,II,M,17,U,mayor_3,J,3,3,otro,otro,recomendacion,madre,1,3,0,no,no,no,si,no,si,no,no,3,2,3,1,1,4,4,10,9,9
264,II,M,18,U,mayor_3,J,2,2,en_casa,servicios,recomendacion,madre,1,3,0,no,si,si,si,si,si,yes,yes,4,3,3,1,1,3,0,9,10,0
265,II,H,18,R,menor_e3,S,3,4,otro,otro,reputacion,madre,2,2,0,no,si,si,si,si,si,yes,no,4,2,5,3,4,1,13,17,17,17
266,II,H,17,U,mayor_3,J,3,1,servicios,otro,otro,madre,1,2,0,no,no,si,si,si,si,yes,yes,5,4,4,3,4,5,2,9,9,10
267,II,M,18,R,mayor_3,J,4,4,profesor,otro,reputacion,madre,2,2,0,no,no,si,si,si,si,yes,no,4,3,4,2,2,4,8,12,10,11
268,II,H,18,U,mayor_3,J,4,2,salud,otro,reputacion,padre,1,2,0,no,si,si,si,si,si,yes,yes,5,4,5,1,3,5,10,10,9,10
269,II,M,18,R,mayor_3,J,2,1,otro,otro,reputacion,madre,2,2,0,no,si,no,no,si,no,yes,yes,4,3,5,1,2,3,0,6,0,0
270,II,M,19,U,mayor_3,J,3,3,otro,servicios,recomendacion,otro,1,2,2,no,si,si,si,si,si,yes,no,4,3,5,3,3,5,15,9,9,9
271,II,M,18,U,mayor_3,J,2,3,otro,servicios,reputacion,padre,1,4,0,no,si,si,si,si,si,yes,yes,4,5,5,1,3,2,4,15,14,14
272,II,M,18,U,menor_e3,J,1,1,otro,otro,recomendacion,madre,2,2,0,no,si,si,no,no,si,no,no,4,4,3,1,1,3,2,11,11,11
273,II,H,17,R,mayor_3,J,1,2,en_casa,en_casa,recomendacion,madre,1,2,0,no,si,si,si,no,si,no,yes,3,5,2,2,2,1,2,15,14,14
274,II,M,17,U,mayor_3,J,2,4,en_casa,salud,reputacion,madre,2,2,0,no,si,si,no,si,si,yes,yes,4,3,3,1,1,1,2,10,10,10
275,II,M,17,U,menor_e3,J,2,2,servicios,otro,habilidad,madre,2,2,0,si,si,si,no,si,si,yes,yes,4,4,4,2,3,5,6,12,12,12
276,II,M,18,R,mayor_3,S,3,2,otro,servicios,recomendacion,madre,2,2,0,no,no,no,no,no,no,yes,yes,4,1,1,1,1,5,75,10,9,9
277,II,H,18,U,mayor_3,J,4,4,profesor,servicios,recomendacion,madre,2,1,0,no,no,si,si,si,si,yes,no,3,2,4,1,4,3,22,9,9,9
278,II,M,18,U,mayor_3,J,4,4,salud,salud,reputacion,padre,1,2,1,si,si,no,si,si,si,yes,yes,2,4,4,1,1,4,15,9,8,8
279,II,H,18,U,menor_e3,J,4,3,profesor,servicios,habilidad,madre,2,1,0,no,no,si,si,si,si,yes,no,4,2,3,1,2,1,8,10,11,10
280,II,H,17,U,menor_e3,S,4,1,servicios,otro,recomendacion,madre,2,1,0,no,no,si,si,si,si,yes,yes,4,5,4,2,4,5,30,8,8,8
281,II,H,17,U,menor_e3,S,3,2,profesor,servicios,recomendacion,madre,1,1,1,no,no,no,no,si,si,yes,no,4,4,4,3,4,3,19,11,9,10
282,II,M,18,R,menor_e3,J,1,1,en_casa,otro,reputacion,madre,2,4,0,no,si,si,si,si,si,no,no,5,2,2,1,1,3,1,12,12,12
283,II,M,18,U,mayor_3,J,1,1,otro,otro,recomendacion,madre,2,2,0,si,no,no,si,si,si,yes,no,5,4,4,1,1,4,4,8,9,10
284,II,M,17,U,mayor_3,J,2,2,otro,otro,habilidad,madre,1,2,0,no,si,no,no,no,si,yes,no,5,4,5,1,2,5,4,10,9,11
285,II,H,17,U,mayor_3,J,1,1,otro,otro,reputacion,padre,1,2,0,no,no,si,no,no,si,yes,no,4,3,3,1,2,4,2,12,10,11
286,II,M,18,U,mayor_3,J,2,2,en_casa,en_casa,otro,madre,1,3,0,no,si,si,no,si,si,yes,no,4,3,3,1,2,2,5,18,18,19
287,II,M,17,U,mayor_3,J,1,1,servicios,profesor,reputacion,madre,1,3,0,no,si,si,no,si,si,yes,no,4,3,3,1,1,3,6,13,12,12
288,II,H,18,U,mayor_3,J,2,1,servicios,servicios,reputacion,madre,1,3,0,no,no,si,si,si,si,yes,no,4,2,4,1,3,2,6,15,14,14
289,II,H,18,U,menor_e3,S,4,4,profesor,profesor,reputacion,madre,1,2,0,no,si,si,si,si,si,yes,no,5,4,3,1,1,2,9,15,13,15
290,II,H,18,U,mayor_3,J,4,2,profesor,otro,recomendacion,madre,1,2,0,no,si,si,si,si,si,yes,yes,4,3,2,1,4,5,11,12,11,11
291,II,M,17,U,mayor_3,J,4,3,salud,servicios,reputacion,madre,1,3,0,no,si,si,no,si,si,yes,no,4,2,2,1,2,3,0,15,15,15
292,II,M,18,U,menor_e3,J,2,1,servicios,en_casa,reputacion,madre,1,2,1,no,no,no,no,si,si,yes,yes,5,4,3,1,1,5,12,12,12,13
293,II,M,17,R,menor_e3,J,3,1,servicios,otro,reputacion,madre,2,4,0,no,si,si,no,si,si,no,no,3,1,2,1,1,3,6,18,18,18
294,II,H,18,R,menor_e3,J,3,2,servicios,otro,reputacion,madre,2,3,0,no,si,si,si,si,si,yes,no,5,4,2,1,1,4,8,14,13,14
295,II,H,17,U,mayor_3,J,3,3,salud,otro,recomendacion,madre,1,1,0,no,si,si,no,si,si,yes,no,4,4,3,1,3,5,4,14,12,11
296,II,M,19,U,mayor_3,J,4,4,salud,otro,reputacion,otro,2,2,0,no,si,si,si,si,si,yes,no,2,3,4,2,3,2,0,10,9,0
297,II,M,18,U,menor_e3,J,4,3,otro,otro,recomendacion,otro,2,2,0,no,si,si,no,si,si,yes,yes,4,4,5,1,2,2,10,10,8,8
298,II,M,18,U,mayor_3,J,4,3,otro,otro,reputacion,padre,1,4,0,no,si,si,no,si,si,yes,no,4,3,3,1,1,3,0,14,13,14
299,II,H,18,U,menor_e3,J,4,4,profesor,profesor,recomendacion,madre,1,1,0,no,si,si,no,si,si,yes,yes,1,4,2,2,2,1,5,16,15,16
300,II,M,18,U,menor_e3,S,4,4,salud,otro,recomendacion,madre,1,2,0,no,si,no,no,si,si,yes,yes,4,2,4,1,1,4,14,12,10,11
301,II,H,17,U,menor_e3,J,4,4,otro,profesor,recomendacion,padre,2,1,0,no,no,si,no,si,si,yes,no,4,1,1,2,2,5,0,11,11,10
302,II,M,17,U,mayor_3,J,4,2,otro,otro,reputacion,madre,2,3,0,no,si,si,no,si,si,yes,no,4,3,3,1,1,3,0,15,12,14
303,II,M,17,U,mayor_3,J,3,2,salud,salud,reputacion,padre,1,4,0,no,si,si,si,no,si,yes,no,5,2,2,1,2,5,0,17,17,18
304,II,H,19,U,mayor_3,J,3,3,otro,otro,recomendacion,otro,1,2,1,no,si,no,si,si,si,yes,yes,4,4,4,1,1,3,20,15,14,13
305,II,M,18,U,mayor_3,J,2,4,servicios,en_casa,reputacion,otro,1,2,1,no,si,si,si,si,si,yes,no,4,4,3,1,1,3,8,14,12,12
306,II,H,20,U,mayor_3,S,3,2,servicios,otro,habilidad,otro,1,1,0,no,no,no,si,si,si,no,no,5,5,3,1,1,5,0,17,18,18
307,II,H,19,U,mayor_3,J,4,4,profesor,servicios,reputacion,otro,2,1,1,no,si,si,no,si,si,yes,yes,4,3,4,1,1,4,38,8,9,8
308,II,H,19,R,mayor_3,J,3,3,otro,servicios,reputacion,padre,1,2,1,no,no,no,si,si,si,no,yes,4,5,3,1,2,5,0,15,12,12
309,II,M,19,U,menor_e3,J,1,1,en_casa,otro,reputacion,otro,1,2,1,si,si,no,si,no,si,yes,no,4,4,3,1,3,3,18,12,10,10
310,II,M,19,U,menor_e3,J,1,2,servicios,servicios,recomendacion,otro,1,2,1,no,no,no,si,no,si,no,yes,4,2,4,2,2,3,0,9,9,0
311,II,M,19,U,mayor_3,J,2,1,en_casa,otro,otro,otro,3,2,0,no,si,no,no,si,no,yes,yes,3,4,1,1,1,2,20,14,12,13
312,II,H,19,U,mayor_3,J,1,2,otro,servicios,habilidad,otro,1,2,1,no,no,no,no,no,si,yes,no,4,5,2,2,2,4,3,13,11,11
313,II,M,19,U,menor_e3,J,3,2,servicios,otro,reputacion,otro,2,2,1,no,si,si,no,no,si,yes,yes,4,2,2,1,2,1,22,13,10,11
314,II,M,19,U,mayor_3,J,1,1,en_casa,salud,recomendacion,otro,1,3,2,no,no,no,no,no,si,yes,yes,4,1,2,1,1,3,14,15,13,13
315,II,M,19,R,mayor_3,J,2,3,otro,otro,reputacion,otro,1,3,1,no,no,no,no,si,si,yes,yes,4,1,2,1,1,3,40,13,11,11
316,II,M,18,U,mayor_3,J,2,1,servicios,otro,habilidad,madre,2,2,0,no,si,si,si,si,si,yes,no,5,3,3,1,2,1,0,8,8,0
317,II,M,18,U,mayor_3,J,4,3,otro,otro,habilidad,madre,1,3,0,no,si,si,si,si,si,yes,yes,4,3,4,1,1,5,9,9,10,9
318,II,M,17,R,mayor_3,J,3,4,en_casa,servicios,habilidad,padre,1,3,0,no,si,si,si,no,si,yes,no,4,3,4,2,5,5,0,11,11,10
319,II,M,18,U,mayor_3,J,4,4,profesor,otro,habilidad,madre,1,2,0,no,si,si,no,si,si,yes,no,4,4,4,3,3,5,2,11,11,11
320,II,M,17,U,mayor_3,S,4,3,servicios,servicios,habilidad,madre,1,2,0,no,si,si,no,si,si,yes,yes,5,2,2,1,2,5,23,13,13,13
321,II,M,17,U,mayor_3,J,2,2,otro,otro,habilidad,madre,1,2,0,no,si,no,no,si,si,no,yes,4,2,2,1,1,3,12,11,9,9
322,II,M,17,R,menor_e3,J,2,2,servicios,servicios,habilidad,madre,1,3,0,no,si,si,si,si,si,yes,no,3,3,2,2,2,3,3,11,11,11
323,II,M,17,U,mayor_3,J,3,1,servicios,servicios,habilidad,padre,1,3,0,no,si,no,no,no,si,yes,no,3,4,3,2,3,5,1,12,14,15
324,II,M,17,U,menor_e3,J,0,2,en_casa,en_casa,recomendacion,padre,2,3,0,no,no,no,no,si,si,yes,no,3,3,3,2,3,2,0,16,15,15
325,II,H,18,U,mayor_3,J,4,4,otro,otro,habilidad,madre,1,3,0,no,no,no,si,si,si,yes,no,4,3,3,2,2,3,3,9,12,11
326,II,H,17,U,mayor_3,J,3,3,otro,servicios,reputacion,madre,1,1,0,no,no,no,si,no,si,yes,no,4,3,5,3,5,5,3,14,15,16
327,II,H,17,R,mayor_3,J,2,2,servicios,otro,habilidad,madre,4,1,0,no,si,no,no,si,si,yes,no,4,4,5,5,5,4,8,11,10,10
328,II,M,17,U,mayor_3,J,4,4,profesor,servicios,habilidad,madre,1,3,0,no,si,si,si,si,si,yes,no,5,4,4,1,3,4,7,10,9,9
329,II,M,17,U,mayor_3,J,4,4,profesor,profesor,habilidad,madre,2,3,0,no,si,si,no,no,si,yes,yes,4,3,3,1,2,4,4,14,14,14
330,II,H,18,U,menor_e3,J,2,2,otro,otro,habilidad,madre,1,4,0,no,si,no,si,si,si,yes,no,4,5,5,2,4,5,2,9,8,8
331,II,M,17,R,mayor_3,J,2,4,en_casa,otro,habilidad,padre,1,3,0,no,si,no,no,si,si,yes,yes,4,4,3,1,1,5,7,12,14,14
332,II,M,18,U,mayor_3,J,3,3,servicios,servicios,recomendacion,madre,1,2,0,no,no,no,si,si,si,yes,no,5,3,4,1,1,4,0,7,0,0
333,II,M,18,U,menor_e3,J,2,2,otro,otro,recomendacion,otro,1,2,0,no,no,no,si,no,si,yes,yes,4,3,3,1,1,2,0,8,8,0
334,II,M,18,R,mayor_3,J,2,2,en_casa,otro,habilidad,madre,2,4,0,no,no,no,si,si,si,no,no,4,4,4,1,1,4,0,10,9,0
335,II,M,17,U,mayor_3,J,3,4,servicios,otro,habilidad,madre,1,3,0,no,no,no,no,si,si,yes,no,4,4,5,1,3,5,16,16,15,15
336,II,M,19,R,mayor_3,S,3,1,servicios,en_casa,recomendacion,otro,1,3,1,no,no,si,no,si,si,no,no,5,4,3,1,2,5,12,14,13,13
337,II,M,17,U,mayor_3,J,3,2,otro,otro,recomendacion,madre,1,2,0,no,si,si,no,si,si,yes,yes,4,3,2,2,3,2,0,7,8,0
338,II,M,18,U,menor_e3,J,3,3,servicios,servicios,recomendacion,madre,1,4,0,no,si,no,no,si,si,yes,no,5,3,3,1,1,1,7,16,15,17
339,II,M,17,R,mayor_3,S,3,2,otro,otro,recomendacion,madre,1,2,0,no,si,si,no,si,si,yes,no,4,3,3,2,3,2,4,9,10,10
340,II,M,19,U,mayor_3,J,2,1,servicios,servicios,recomendacion,otro,1,3,1,no,no,si,si,si,si,yes,yes,4,3,4,1,3,3,4,11,12,11
341,II,H,18,U,mayor_3,J,4,4,profesor,servicios,recomendacion,padre,1,2,1,no,si,no,si,si,si,yes,no,4,3,3,2,2,2,0,10,10,0
342,II,H,18,U,menor_e3,J,3,4,servicios,otro,recomendacion,madre,1,2,0,no,no,no,si,si,si,yes,yes,4,3,3,1,3,5,11,16,15,15
343,II,M,17,U,mayor_3,S,2,2,en_casa,en_casa,recomendacion,padre,1,2,1,no,si,no,no,si,si,yes,yes,3,3,1,1,2,4,0,9,8,0
344,II,M,18,U,mayor_3,J,2,3,en_casa,otro,habilidad,madre,1,3,0,no,si,no,no,si,si,yes,no,4,3,3,1,2,3,4,11,10,10
345,II,M,18,U,mayor_3,J,3,2,otro,servicios,otro,madre,1,3,0,no,no,no,no,si,si,yes,yes,5,4,3,2,3,1,7,13,13,14
346,II,H,18,R,mayor_3,J,4,3,profesor,servicios,habilidad,madre,1,3,0,no,no,no,no,si,si,yes,yes,5,3,2,1,2,4,9,16,15,16
347,II,H,18,U,mayor_3,J,4,3,profesor,otro,habilidad,madre,1,3,0,no,si,si,no,si,si,yes,yes,5,4,5,2,3,5,0,10,10,9
348,II,M,17,U,mayor_3,J,4,3,salud,otro,reputacion,madre,1,3,0,no,si,si,si,si,si,yes,yes,4,4,3,1,3,4,0,13,15,15
349,MS,H,18,R,mayor_3,J,3,2,otro,otro,habilidad,madre,2,1,1,no,si,no,no,no,si,yes,no,2,5,5,5,5,5,10,11,13,13
350,MS,H,19,R,mayor_3,J,1,1,otro,servicios,recomendacion,otro,3,2,3,no,no,no,no,si,si,yes,no,5,4,4,3,3,2,8,8,7,8
351,MS,H,17,U,mayor_3,J,3,3,salud,otro,habilidad,madre,2,2,0,no,si,si,no,si,si,yes,no,4,5,4,2,3,3,2,13,13,13
352,MS,H,18,U,menor_e3,J,1,3,en_casa,servicios,habilidad,madre,1,1,1,no,no,no,no,si,no,yes,yes,4,3,3,2,3,3,7,8,7,8
353,MS,H,19,R,mayor_3,J,1,1,otro,otro,recomendacion,otro,3,1,1,no,si,no,no,si,si,yes,no,4,4,4,3,3,5,4,8,8,8
354,MS,H,17,R,mayor_3,J,4,3,servicios,otro,recomendacion,madre,2,2,0,no,si,si,si,no,si,yes,yes,4,5,5,1,3,2,4,13,11,11
355,MS,M,18,U,mayor_3,J,3,3,servicios,servicios,habilidad,padre,1,2,0,no,si,no,no,si,si,no,yes,5,3,4,1,1,5,0,10,9,9
356,MS,M,17,R,mayor_3,J,4,4,profesor,servicios,otro,padre,2,2,0,no,si,si,si,si,si,yes,no,4,3,3,1,2,5,4,12,13,13
357,MS,M,17,U,menor_e3,S,3,2,servicios,otro,reputacion,madre,2,2,0,no,no,no,no,si,si,no,yes,1,2,3,1,2,5,2,12,12,11
358,MS,H,18,U,menor_e3,J,1,1,otro,servicios,recomendacion,padre,2,1,0,no,no,no,no,no,si,yes,yes,3,3,2,1,2,3,4,10,10,10
359,MS,M,18,U,menor_e3,J,1,1,en_casa,servicios,habilidad,padre,2,3,0,no,no,no,no,si,si,yes,no,5,3,2,1,1,4,0,18,16,16
360,MS,M,18,R,menor_e3,S,1,4,en_casa,otro,habilidad,madre,3,2,0,no,no,no,no,si,si,no,yes,4,3,4,1,4,5,0,13,13,13
361,MS,H,18,R,menor_e3,J,1,1,en_casa,otro,otro,madre,2,2,1,no,no,no,si,no,no,no,no,4,4,3,2,3,5,2,13,12,12
362,MS,M,18,U,mayor_3,J,3,3,servicios,servicios,otro,madre,2,2,0,no,si,no,no,si,si,yes,yes,4,3,2,1,3,3,0,11,11,10
363,MS,M,17,U,menor_e3,J,4,4,en_casa,en_casa,habilidad,madre,1,2,0,no,si,si,si,si,si,yes,yes,2,3,4,1,1,1,0,16,15,15
364,MS,M,17,R,mayor_3,J,1,2,otro,servicios,habilidad,padre,2,2,0,no,no,no,no,no,si,no,no,3,2,2,1,2,3,0,12,11,12
365,MS,H,18,R,mayor_3,J,1,3,en_casa,otro,habilidad,madre,2,2,0,no,si,si,no,si,si,no,no,3,3,4,2,4,3,4,10,10,10
366,MS,H,18,U,menor_e3,J,4,4,profesor,servicios,otro,madre,2,3,0,no,no,si,no,si,si,yes,yes,4,2,2,2,2,5,0,13,13,13
367,MS,M,17,R,mayor_3,J,1,1,otro,servicios,reputacion,madre,3,1,1,no,si,si,no,si,si,yes,yes,5,2,1,1,2,1,0,7,6,0
368,MS,M,18,U,mayor_3,J,2,3,en_casa,servicios,habilidad,padre,2,1,0,no,si,si,no,si,si,yes,yes,5,2,3,1,2,4,0,11,10,10
369,MS,M,18,R,mayor_3,J,4,4,otro,profesor,otro,padre,3,2,0,no,si,si,no,no,si,yes,yes,3,2,2,4,2,5,10,14,12,11
370,MS,M,19,U,menor_e3,J,3,2,servicios,servicios,recomendacion,otro,2,2,2,no,no,no,si,si,si,no,yes,3,2,2,1,1,3,4,7,7,9
371,MS,H,18,R,menor_e3,J,1,2,en_casa,servicios,otro,padre,3,1,0,no,si,si,si,si,no,yes,yes,4,3,3,2,3,3,3,14,12,12
372,MS,M,17,U,mayor_3,J,2,2,otro,en_casa,recomendacion,madre,1,3,0,no,no,no,si,si,si,no,yes,3,4,3,1,1,3,8,13,11,11
373,MS,M,17,R,mayor_3,J,1,2,otro,otro,habilidad,madre,1,1,0,no,no,no,si,si,si,yes,no,3,5,5,1,3,1,14,6,5,5
374,MS,M,18,R,menor_e3,J,4,4,otro,otro,reputacion,madre,2,3,0,no,no,no,no,si,si,yes,no,5,4,4,1,1,1,0,19,18,19
375,MS,M,18,R,mayor_3,J,1,1,otro,otro,recomendacion,madre,4,3,0,no,no,no,no,si,si,yes,no,4,3,2,1,2,4,2,8,8,10
376,MS,M,20,U,mayor_3,J,4,2,salud,otro,habilidad,otro,2,3,2,no,si,si,no,no,si,yes,yes,5,4,3,1,1,3,4,15,14,15
377,MS,M,18,R,menor_e3,J,4,4,profesor,servicios,habilidad,madre,1,2,0,no,no,si,si,si,si,yes,no,5,4,3,3,4,2,4,8,9,10
378,MS,M,18,U,mayor_3,J,3,3,otro,otro,recomendacion,madre,1,2,0,no,no,si,no,si,si,yes,yes,4,1,3,1,2,1,0,15,15,15
379,MS,M,17,R,mayor_3,J,3,1,en_casa,otro,reputacion,madre,1,2,0,no,si,si,si,no,si,yes,no,4,5,4,2,3,1,17,10,10,10
380,MS,H,18,U,mayor_3,J,4,4,profesor,profesor,recomendacion,padre,1,2,0,no,no,si,si,no,si,yes,no,3,2,4,1,4,2,4,15,14,14
381,MS,H,18,R,mayor_3,J,2,1,otro,otro,otro,madre,2,1,0,no,no,no,si,no,si,yes,yes,4,4,3,1,3,5,5,7,6,7
382,MS,H,17,U,mayor_3,J,2,3,otro,servicios,recomendacion,padre,2,2,0,no,no,no,si,si,si,yes,no,4,4,3,1,1,3,2,11,11,10
383,MS,H,19,R,mayor_3,J,1,1,otro,servicios,otro,madre,2,1,1,no,no,no,no,si,si,no,no,4,3,2,1,3,5,0,6,5,0
384,MS,H,18,R,mayor_3,J,4,2,otro,otro,recomendacion,padre,2,1,1,no,no,si,no,si,si,no,no,5,4,3,4,3,3,14,6,5,5
385,MS,M,18,R,mayor_3,J,2,2,en_casa,otro,otro,madre,2,3,0,no,no,si,no,si,si,no,no,5,3,3,1,3,4,2,10,9,10
386,MS,M,18,R,mayor_3,J,4,4,profesor,en_casa,reputacion,madre,3,1,0,no,si,si,si,si,si,yes,yes,4,4,3,2,2,5,7,6,5,6
387,MS,M,19,R,mayor_3,J,2,3,servicios,otro,habilidad,madre,1,3,1,no,no,no,si,no,si,yes,no,5,4,2,1,2,5,0,7,5,0
388,MS,M,18,U,menor_e3,J,3,1,profesor,servicios,habilidad,madre,1,2,0,no,si,si,no,si,si,yes,no,4,3,4,1,1,1,0,7,9,8
389,MS,M,18,U,mayor_3,J,1,1,otro,otro,habilidad,madre,2,2,1,no,no,no,si,si,si,no,no,1,1,1,1,1,5,0,6,5,0
390,MS,H,20,U,menor_e3,S,2,2,servicios,servicios,habilidad,otro,1,2,2,no,si,si,no,si,si,no,no,5,5,4,4,5,4,11,9,9,9
391,MS,H,17,U,menor_e3,J,3,1,servicios,servicios,habilidad,madre,2,1,0,no,no,no,no,no,si,yes,no,2,4,5,3,4,2,3,14,16,16
392,MS,H,21,R,mayor_3,J,1,1,otro,otro,habilidad,otro,1,1,3,no,no,no,no,no,si,no,no,5,5,3,3,3,3,3,10,8,7
393,MS,H,18,R,menor_e3,J,3,2,servicios,otro,habilidad,madre,3,1,0,no,no,no,no,no,si,yes,no,4,4,1,3,4,5,0,11,12,10
394,MS,H,19,U,menor_e3,J,1,1,otro,en_casa,habilidad,padre,1,1,0,no,no,no,no,si,si,yes,no,3,2,3,3,3,5,5,8,9,9
395,II,M,18,U,mayor_3,S,4,4,en_casa,profesor,habilidad,madre,2,2,0,si,no,no,no,si,si,no,no,4,3,4,1,1,3,6,5,6,6
396,MS,H,19,R,mayor_3,J,1,1,otro,servicios,otro,madre,2,1,1,no,no,no,no,si,si,no,no,4,3,2,1,3,5,0,6,5,0
